,Account,Location,Gender,Rank,Follow,Follower,Weibo,FeedTime,GetTime,Type,Sentence,Mid,Share,Comment,Good
0,浅时光smile,山东枣庄,female,Lv.9,175,129,86,2018-12-15 22:03:00,2019-03-20 01:51:55,feed,130💰🎉🎉珂润面霜、夏天可以用的cosme面霜类第一（高端部门）第一名珂润，第二名polaapex，第三名lamer。curel日本本土珂润面霜，珂润面霜高保湿面霜花王旗下的珂润，为敏感干燥肌而生的品牌。弱酸性配方，日本皮肤科医生推荐，尤其适合干燥敏感皮肤。奶油质地，清爽不油腻～40g​展开全文c,4317613062806738,0,0,0
1,香港代购zara折扣pinko小ck,广东,female,Lv.38,585,502405,14161,2018-12-15 18:56:00,2019-03-20 01:52:16,feed,清现货。💰138包邮用了你会感动到流泪的面霜！日本Curel珂润润浸保湿滋养面霜40g干燥性敏感肌日本cosme大賞面霜第一位这款乳霜是花王珂润系列中cosme评分最高的一款产品，成分在日系面霜中算最简洁的了，对修复皮脂膜有非常好的功效。本身这个系列就是针对敏感干燥肌肤所研发，肌肤干燥脆弱、​展开全文c,4317566002517953,0,0, 1
2,周周福利社,浙江舟山,female,Lv.28,2017,11166,300,2018-12-15 16:36:00,2019-03-20 01:52:37,feed,"【到手126一只】Curel珂润温和保湿卸妆啫喱130gX2支2,479日元（约150元）多庆屋中文网现有Curel珂润温和保湿卸妆啫喱130gX2支，现到手价日元2479（约150元），有效期至北京时间2018年12月18日，支持直邮。O网页链接Curel珂润是花王旗下干燥敏感肌针对性护肤品牌，其中最为大家所​展开全文c",4317530677566537,0,0,0
3,我-三岁半,北京,female,Lv.9,187,62,122,2018-12-15 15:04:00,2019-03-20 01:52:41,feed,#空瓶#几个洗护类空瓶1.屈臣氏自己出的身体乳，便宜大碗，但是家里身体乳太多不回购2.regenerate已经空了两支，但是没感觉到美白效果，男票觉得甜甜的用着不清爽，不会回购啦3.curel珂润一套的洗发护发，保湿效果好适合秋冬4.霸王生发液，买洗发水送的，没效果5.卡诗鱼子酱发膜，搭配加热帽​展开全文c,4317507437223036,0,1,0
4,正品好货推荐,其他,male,Lv.9,253,140,6,2018-12-15 12:30:00,2019-03-20 01:53:02,feed,那些平价又好用的洗面奶，你get了吗?现在有不少人都是敏感肌，对于敏感肌而言清洁是格外重要的。因为清洁不干净会造成垃圾角质的堆积从而引|起闭口和痘痘，同时也会影响护肤品的吸收。因此使用洗面奶洗脸时一定要选择温和好用的，下面介绍几款特别好用的平价洗面奶。一、芙丽芳丝净润洗面霜​展开全文c,4317468702452142,0,0, 2
5,巴黎草莓美妝,no location,male,Lv.47,364,77964,10891,2018-12-15 11:22:00,2019-03-20 01:53:20,feed,#curel珂润泡沫洗面奶#❗孕妇敏感肌都可以用的洗面❤️❤️弱酸性、无香料、无着色、超丰富细腻的泡沫，绝对是值得拥有的一款洁面产品。泡沫很绵密，用完脸上不紧绷，皮肤滑滑的，不油腻，很温和。打出的是立体的泡泡，味道很香，很好闻，用起来非常清爽，很舒服。感觉每个毛孔都被洗的干干净净的​展开全文c,4317451690660558,0,0, 1
6,喵喵酱在日本,海外日本,female,Lv.40,368,4273,11640,2018-12-15 11:08:00,2019-03-20 01:53:40,feed,现货💰188➕国内邮费花王Curel珂润面霜‼️日本连续3年cosme大赏面霜第一位👑第二位是Pola面霜2016年被评为殿堂级产品！重要是完全不贵cosme评分最高的一款产品，成分在日系面霜中算最简洁的，对修复皮脂膜有非常好的功效。本身这个系列就是针对敏感干燥肌肤所研发，肌肤干燥脆弱、皮薄有红血丝的​展开全文c,4317448200616376,0,0,0
7,酷价淘宝优惠券,河北秦皇岛,female,Lv.4,12,34,122,2018-12-15 08:51:00,2019-03-20 01:54:01,feed,珂润水乳！强烈推荐！日本花王珂润，其实珂润的产品非常好用，且平价‼️专门针对敏感肌，干燥肌，用过的都说好！质地偏薄，用完皮肤像喝饱了水一样💧抗衰，消炎，滋润，让你从根本上解决皮肤问题。它是日本花王研究室专门为敏感肌肤设计的护肤品，CUREL是日本销量No.1敏感肌肤品牌，95%亚洲女性使用​展开全文c,4317413539396240,0,0, 1
8,专柜白菜秒杀菌,山东,female,Lv.6,99,27,98,2018-12-15 07:19:00,2019-03-20 01:54:19,feed,【商品】【日本直邮包税】日本花王珂润面霜【原价】125.0元【券后】110.0元【节省】15.0元---------------推荐理由:日本原装进口，日本花王Curel珂润面霜，深入补水，保湿滋润，紧致滋养，细腻Q弹，抗衰修复面霜，敏感肌适用！女神美肌必备，大牌值得信赖【直邮包税，七天无理由退换货】--------​展开全文c,4317390579827974,0,0,0
9,白菜分享姐,山东,female,Lv.6,66,16,68,2018-12-15 07:19:00,2019-03-20 01:54:41,feed,【商品】【日本直邮包税】日本花王珂润面霜【原价】125.0元【券后】110.0元【节省】15.0元---------------推荐理由:日本原装进口，日本花王Curel珂润面霜，深入补水，保湿滋润，紧致滋养，细腻Q弹，抗衰修复面霜，敏感肌适用！女神美肌必备，大牌值得信赖【直邮包税，七天无理由退换货】--------​展开全文c,4317390387192392,0,0, 1
10,品牌秒杀菌,山东泰安,female,Lv.9,301,128,233,2018-12-15 07:16:00,2019-03-20 01:55:02,feed,【商品】【日本直邮包税】日本花王珂润面霜【原价】125.0元【券后】110.0元【节省】15.0元---------------推荐理由:日本原装进口，日本花王Curel珂润面霜，深入补水，保湿滋润，紧致滋养，细腻Q弹，抗衰修复面霜，敏感肌适用！女神美肌必备，大牌值得信赖【直邮包税，七天无理由退换货】--------​展开全文c,4317389787508022,0,0, 1
11,胖年糕大队长,浙江杭州,female,Lv.45,402,579,5319,2018-12-15 02:45:00,2019-03-20 01:55:17,feed,这个点国内都睡了，在等外卖有点无聊……说一下相册库存里的几个空瓶①没有没用过ANR的女孩吧？便宜大碗，不管皮肤是好是差，永远可靠值得信赖的糟糠妻精华，alwayshavestock。②Curel卸妆，好像我也累积用了好多支了。这种包装相比大肚子的罐装卸妆膏（比如倩碧）更适合旅游/出差携带。优点是敏​展开全文c,4317321470273294,0,5,0
12,我是买手Tina,江苏无锡,female,Lv.14,858,883,294,2018-12-14 23:14:00,2019-03-20 01:55:38,feed,【我是买手】团购🛍今日团品分享👇1️⃣作为中华老字号、黑龙江省非物质文化遗产、中国欧式肉灌制品第一家的“哈肉联红肠”，在哈尔滨人及外地人眼中已经成为哈尔滨食品的代表，是酒宴、冷饮的上等佳肴，现在不用去哈尔滨也能享受到美味啦~2️⃣俄罗斯风味的糖果非常与众不同，非常扎实、纯粹，​展开全文c,4317268458321499,0,0, 1
13,一只鹿香港代购海淘拼单,其他,female,Lv.9,116,476,2147,2018-12-14 18:24:00,2019-03-20 01:55:55,feed,明日去香港💰180，Curel珂润保湿滋养面霜40g日本cosme大赏面霜第一位👑这款乳霜是花王珂润系列中cosme评分最高的一款产品，成分在日系面霜中算最简洁的，对修复皮脂膜有非常好的功效。本身这个系列就是针对敏感干燥肌肤所研发，肌肤干燥脆弱、皮薄有红血丝的人群一定要试试这款乳霜产品。性敏感​展开全文c,4317195410015376,0,0,0
14,鱼妙婷正品香港代购,广东深圳,female,Lv.46,3689,7738,34140,2018-12-14 17:02:00,2019-03-20 01:55:57,feed,#妙婷今晚回家发货#Curel珂润保湿滋养面霜40g🌺日本cosme大赏面霜第一位👑这款乳霜是花王珂润系列中cosme评分最高的一款产品，成分在日系面霜中算最简洁的，对修复皮脂膜有非常好的功效。本身这个系列就是针对敏感干燥肌肤所研发，肌肤干燥脆弱、皮薄有红血丝的人群一定要试试这款乳霜产品。性敏​展开全文c,4317174824878227,0,0,0
15,天使百宝,香港中西区,female,Lv.46,235,5941,36461,2018-12-14 13:00:00,2019-03-20 01:56:17,feed,日本Curel珂润温和保湿洗发水护发素420ml无硅油敏感头皮也可用O网页链接百宝自己已经用珂润洗发水/护发素一个多月了～头皮变得越来越健康，不掉屑屑~头发越来越顺滑～必须向敏感头皮们大力推荐的一套洗护，百宝是敏感+干燥头皮，会发痒而且有头皮，用了一个多月，头皮变得越来越健康，​展开全文c,4317113847512256,0,0,0
16,喵喵酱在日本,海外日本,female,Lv.40,368,4273,11640,2018-12-14 10:49:00,2019-03-20 01:56:34,feed,现货💰188➕国内邮费花王Curel珂润面霜‼️日本连续3年cosme大赏面霜第一位👑第二位是Pola面霜2016年被评为殿堂级产品！重要是完全不贵cosme评分最高的一款产品，成分在日系面霜中算最简洁的，对修复皮脂膜有非常好的功效。本身这个系列就是针对敏感干燥肌肤所研发，肌肤干燥脆弱、皮薄有红血丝的​展开全文c,4317080914788808,0,0,0
17,桃子老师的护肤彩妆店,海外法国,female,Lv.48,704,9377,13982,2018-12-14 02:51:00,2019-03-20 01:58:31,feed,⚠️日本珂润乳液很温和的基础乳液💧轻薄，没有味道，延展性很好❄️冬天用吸收好快❌不会留一层黏黏的，一涂就感觉很舒服👏🏻有用雪花膏的感觉👉🏻含有滋润成分和消炎成分，使用以后也挺温和滋润，保湿也好，敏感肌非常适用哦💫139元💰【现货日本珂润CUREL润浸保湿柔和乳液120ml​展开全文c,4316960588254999,0,0,0
18,丽港彩妆,广东广州,female,Lv.14,937,33003,1534,2018-12-13 19:56:00,2019-03-20 01:58:52,feed,花王curel珂润保湿系列敏感肌肤可用保湿泡沫洗面奶弱酸性无香料无着色敏感肌可用！超丰富细腻的泡沫，绝对是值得拥有的一款洁面产品。泡沫很绵密，用完脸上不紧绷，皮肤滑滑的，不油腻，很温和。打出的是立体的泡泡，味道很香，很好闻，用起来非常清爽，很舒服。感觉每个毛孔都被洗的干干净​展开全文c,4316856262929375,0,0,0
19,国内外品牌护肤品化妆品,浙江,female,Lv.9,977,229,2303,2018-12-13 17:29:00,2019-03-20 01:59:10,feed,秒杀价💰149，名额2个日本本土版超人气curel珂润温和活性水素去角质凝胶250ml💜日本人气去角质，敏感肌可用☘️，如水般质地，纯天然温和❄️，不伤肌肤。成分的91%都是天然水🔆，防酸、防老化，💆🏻去角质同时更护肤。㊙️三不含产品：无香料、无着色、无防腐剂超级温和，可以全身使用?​展开全文c,4316819168248034,0,0,0
20,YIIMIKOO,陕西西安,female,Lv.4,73,1930,1060,2018-12-13 16:26:00,2019-03-20 01:59:28,feed,奕咪蔻～现货40g‼️日本Curel珂潤保濕滋養面霜🍒日本cosme大賞面霜第一位👑這款乳霜是花王珂潤系列中cosme評分最高的一款產品，成分在日系面霜中算最簡潔的，對修復皮脂膜有非常好的功效。本身這個系列就是針對敏感乾燥肌膚所研發，肌膚乾燥脆弱、皮薄有紅血絲的人群一定要試試這款乳霜產品。性​展开全文c,4316803281120181,0,0,0
21,YIIMIKOO,陕西西安,female,Lv.4,73,1930,1060,2018-12-13 16:24:00,2019-03-20 01:59:49,feed,奕咪蔻～现货1号清爽型💧2号微润💧3号Curel珂润化妆水爽肤水/150ml‼️‼️CUREL珂润是日本花王旗下专为敏感肌设计的品牌💁🏼‍♀️💁🏼‍♀️花王公司独有的Ceramido(神经酰胺)它是干燥性敏感皮肤缺少的必需成分❗️❗️能渗入到肌肤深层，抵御外部刺激，将水润填满角质细胞间的空隙?​展开全文c,4316802987241465,0,0,0
22,MUJI-日亚-拼单日淘小小代购,其他,female,Lv.47,1108,16249,11085,2018-12-13 15:26:00,2019-03-20 02:00:09,feed,#日亚拼单#curel珂润保湿美容液40g■喜欢用珂润的小仙女们听没听说过这款美容液？化妆水之后使用，质地非常水润，挤出来是着喱状，轻轻一抹就化成水状了，保湿效果很好■特别添加了生姜提取物，甘油保湿剂，增加皮肤的组合张力。更可以舒缓细纹，给眼睛，嘴巴，整个面部充足的水分和持久的滋润度■​展开全文c,4316788281575778,0,0, 1
23,黑家港货店,广东,female,Lv.28,629,583,107,2018-12-12 22:22:00,2019-03-20 02:00:21,feed,日本🇯🇵Curel珂润润浸保湿滋养面霜40g，干燥性敏感肌专用👑日本cosme大賞面霜第一位👑这款乳霜是花王珂润系列中cosme评分最高的一款产品，成分在日系面霜中算最简洁的了，对修复皮脂膜有非常好的功效。本身这个系列就是针对敏感干燥肌肤所研发，肌肤干燥脆弱、皮薄有红血丝的人群一定要试试​展开全文c,4316530457855952,0,1,0
24,种草囤货小菌,辽宁,female,Lv.6,37,18,28,2018-12-12 18:33:00,2019-03-20 02:00:27,feed,👄小菌菌自用款哦👄日本花王Curel/珂润面霜润浸保湿滋养乳霜补水保湿滋润40g不油【在售价】：125.00【券后价】：110.0【优惠券】：15日本cosme大赏面霜第一位🏆这款乳霜是花王珂润系列中cosme评分最高的一款产品，成分在日系面霜中算最简洁的，对修复皮脂膜有非常好的功效。本身这个系​展开全文c,4316472945836777,0,1,0
25,兜兜家的欧尼,海外,female,Lv.9,148,27337,2152,2018-12-12 17:36:00,2019-03-20 02:00:34,feed,彩妆兜兜🇯🇵购～日本Curel珂润面霜40mlcosme综合面霜类大赏第一！保湿又滋润，绝对不油腻，不糊脸，感觉水乳精华都被它封锁在肌肤里啦[得意]。一年四季都好用的单品。干燥换季天气简直就靠它救命啦～最近过敏的妹子特别多，绝对推荐这款～天气回暖就可以不用面霜，这绝对是误区！​展开全文c,4316458551466928,0,0,0
26,威廉季_,广东广州,male,Lv.19,223,326,266,2018-12-12 17:04:00,2019-03-20 02:00:51,feed,#花点钱怎么了#双12全场打折扣+包邮🤠Curel珂润乳液敏感肌其实是因为缺少神经酰胺，角质层功能不足，皮肤才容易受外界侵害的，Curel特殊成分，可以深入到肌肤深层，带给你由内而外的滋润。温和不刺激，敏感肌孕妇宝宝都可以放心用~泵头按两下全脸就够用，保湿力绝对赞，滋润不粘腻，水乳搭配效​展开全文c,4316450522662743,0,0,0
27,喵喵酱在日本,海外日本,female,Lv.40,368,4273,11640,2018-12-12 14:14:00,2019-03-20 02:00:53,feed,珂润水乳1清爽，2滋润，3号超滋润+面霜+洁面！强烈推荐！🇯🇵花王珂润，其实珂润的产品非常好用，且平价‼️专门针对敏感肌，干燥肌，用过的都说好！质地偏薄，用完皮肤像喝饱了水一样💧抗衰，消炎，滋润，让你从根本上解决皮肤问题。它是日本花王研究室专门为敏感肌肤设计的护肤品，CUREL是日本​展开全文c,4316407649336815,0,0,0
28,枫_xu,江苏苏州,female,Lv.11,142,336,1223,2018-12-12 09:34:00,2019-03-20 02:01:01,feed,后津率享水乳单品水💰299乳液💰315雪花秀人参水乳单品员工白盒版到一对💰600珂润水乳一对💰268珂润化妆水➕乳液滋润型！墙裂推荐，其实珂润的产品非常好用，专门针对敏感肌，干燥肌，用过的都说好！化妆水之后，觉得面霜厚重的可以试试这款乳液，质地偏薄，用完皮肤像喝​展开全文c,4316337205800098,0,0,0
29,啊雨好物分享,其他,female,Lv.4,33,76,198,2018-12-12 09:32:00,2019-03-20 02:01:06,feed,强烈推荐的面霜！各大网红推荐安利到处断货限购号称平价版香奈儿。日本本土花王珂润Curel高保湿面霜，cosme大赏面霜排名第一，为敏感干燥肌而生的品牌。一个不会出错的面霜，弱酸性配方，日本皮肤科医生推荐的面霜，尤其适合干燥敏感皮肤，红血丝。干燥敏感皮肤，超补水一罐40g👍👍👍​展开全文c,4316336912011210,0,0,0
30,大饼香港代购,香港其他,female,Lv.14,151,11281,102,2018-12-12 03:33:00,2019-03-20 02:01:09,feed,港代🇭🇰💰78🇯🇵花王curel珂润保湿泡沫洗面奶150ml推荐给敏感肌们～弱酸性☀️无香料无着色💦超丰富细腻的泡沫🌸绝对是值得拥有的一款洁面产品。泡沫很绵密，用完脸上不紧绷，皮肤滑滑的，不油腻，很温和。打出的是立体的泡泡，味道很香，很好闻，用起来非常清爽，很舒服。非常适合​展开全文c,4316246415865831,0,0, 1
31,山本未奈子,海外日本,female,Lv.9,26,13500,544,2018-12-11 21:43:00,2019-03-20 02:01:11,feed,我所考虑的保湿，是“防守型护肤”。肌肤不稳定或是感到状态不好的时候，不要犹豫首先彻底做好保湿护理吧。保湿可以提升肌肤屏障机能，提高肌肤状态。肌肤状态好的时候，才是进行毛孔角质护理，抗老化护理“进攻型护肤”的机会。・Curel逆龄系列，通过2步彻底保湿，在进行提升肌肤屏障机能“防守​展开全文c,4316158347223691,0,0, 1
32,娟儿-澳门代购,广东深圳,female,Lv.9,41,151,1283,2018-12-11 19:14:00,2019-03-20 02:01:13,feed,天使今日特价🚨💰1⃣3⃣0⃣👼▪️日本Curel/珂润保湿面霜40g🍀低刺激性保濕面霜。🌸滋潤成分滲透角質深層，有助肌膚自身的神經酰胺抵御外來刺激的能力，保持肌膚潤澤💦另外，從植物中提取的美白有效成分😁（ChamomillaET母菊萃取物)，能夠抑制黑色素生成防止色斑雀斑，令肌膚煥發​展开全文c,4316120968567929,0,0,0
33,客家人-澳门代购,澳门其他,female,Lv.14,39,219,2357,2018-12-11 19:13:00,2019-03-20 02:01:16,feed,天使今日特价🚨💰1⃣3⃣0⃣👼▪️日本Curel/珂润保湿面霜40g🍀低刺激性保濕面霜。🌸滋潤成分滲透角質深層，有助肌膚自身的神經酰胺抵御外來刺激的能力，保持肌膚潤澤💦另外，從植物中提取的美白有效成分😁（ChamomillaET母菊萃取物)，能夠抑制黑色素生成防止色斑雀斑，令肌膚煥發​展开全文c,4316120514739850,0,0,0
34,嚣萌萌,北京,female,Lv.39,484,374638,4316,2018-12-11 13:44:00,2019-03-20 02:01:18,feed,转眼又到双十二，🐨给你送浮力，满减红包领起来鸭~~~话不多说，小北亲情推荐这款洗面产品——日本Curel珂润氨基酸泡沫敏感肌洁面乳（名字还蛮拗口的）铲屎官自己也是这次双十一拼单购买的，没想到是个“三无“产品！！！无酒精，无香精，无色素添加。很优秀对不对~~~这款洁面乳​展开全文c,4316037811907633,1,9, 23
35,日本代购药妆奥尔滨pola美白丸,海外美国,female,Lv.37,535,632685,25650,2018-12-11 11:23:00,2019-03-20 02:02:09,feed,Minon氨基酸水150ml➕乳液100mlminon的水还有分I清爽型II滋润型水乳一套主要成分是氨基酸，MINON不含酒精！有一点点类似酵母的味道~妥妥的治疗敏感肌皮肤，但是普通肌肤一样好用！孕妇可用！保湿效果好，能感觉到那种直接深入肌肤底层的润，吸收很快，没有浮在肌肤表层的感觉，同系​展开全文c,4316002428252967,0,0,0
36,-_君宝宝_-,海外韩国,female,Lv.14,0,685,79,2018-12-11 09:34:00,2019-03-20 02:02:11,feed,💦珂润干燥敏感肌水乳💦珂润水乳！强烈推荐！其实珂润的产品非常好用，且平价‼️专门针对敏感肌，干燥肌。质地偏薄，用完皮肤像喝饱了水一样💧抗衰，消炎，滋润，让你从根本上解决皮肤问题。它是日本花王研究室专门为敏感肌肤设计的护肤品，CUREL是日本销量No.1敏感肌肤品牌，95%亚洲女性使用​展开全文c,4315974905555721,0,1,0
37,思想没焦,广东深圳,female,Lv.14,94,3715,139,2018-12-11 04:26:00,2019-03-20 02:02:13,feed,💰60CUREL珂润润唇膏给你一整天的滋润、珂润浸润保湿唇膏！无添加无刺激，孕妇和敏感肌肤都可使用！针对角质层较薄的唇部，添加了滋润成分——润浸保湿神经酰胺功能成分和由植物提取的保持滋润成分，能有效渗透至唇部角质层，提高双唇的水润密度。防止嘴唇粗糙、干裂。针对干燥敏感的双唇，能温和地​展开全文c,4315897335964779,0,0,0
38,奶茶和咖啡是闺蜜,山东,female,Lv.9,131,64,210,2018-12-10 21:20:00,2019-03-20 02:02:29,feed,现货¥168这个是自己去日本采购的，本想囤着用，奈何买了急救面霜了[胜利][胜利][胜利]不囤那么多啦curel珂润保湿面霜40g成分在日系面霜中算最简洁的了，对修复皮脂膜有非常好的功效。本身这个系列就是针对敏感干燥肌肤所研发，肌肤干燥脆弱、皮薄有红血丝的人群一定要试试这款乳霜产品。干性肌肤一年​展开全文c,4315790167973912,0,0,0
39,火华火昱,其他,female,Lv.4,33,82,416,2018-12-10 19:51:00,2019-03-20 02:02:31,feed,💰85！日本本土版🇯🇵花王curel珂润保湿泡沫洗面奶150ml推荐给敏感肌们～弱酸性，无香料无着色！超丰富细腻的泡沫，绝对是值得拥有的一款洁面产品。泡沫很绵密，用完脸上不紧绷，皮肤滑滑的，不油腻，很温和。打出的是立体的泡泡，味道很香，很好闻，用起来非常清爽，很舒服。非常适合干皮，敏感​展开全文c,4315767916632579,0,0,0
40,国内外品牌护肤品化妆品,浙江,female,Lv.9,977,229,2303,2018-12-10 19:00:00,2019-03-20 02:02:34,feed,秒杀价💰88，名额2个花王curel珂润保湿泡沫洗面奶💕推荐给敏感肌们～弱酸性☀️无香料无着色💦超丰富细腻的泡沫🌸绝对是值得拥有的一款洁面产品。泡沫很绵密，用完脸上不紧绷，皮肤滑滑的，不油腻，很温和。打出的是立体的泡泡，味道很香，很好闻，用起来非常清爽，很舒服。非常适合干皮，敏​展开全文c,4315755073333041,0,0,0
41,T杜杜潮鞋区,河南新乡,female,Lv.14,220,94,209,2018-12-10 13:43:00,2019-03-20 02:02:37,feed,Curel珂润面霜，目前我最爱用的面霜，一个半月用完一瓶，太对我的皮肤了，奶油的质地我太爱了。为珂润打call😘这款乳霜是花王珂润系列中cosme评分最高的一款产品，成分在日系面霜中算最简洁的，对修复皮脂膜有非常好的功效。本身这个系列就是针对敏感干燥肌肤所研发，肌肤干燥脆弱、皮薄有红血丝的​展开全文c,4315675142672762,0,0,0
42,L767797,广东,female,Lv.9,5,37,316,2018-12-10 11:05:00,2019-03-20 02:02:40,feed,🌱🌱🌱一支好的洗面奶是一脸美肌的好基础，下面简单介绍8款不含酒精、不含香料、不含防腐剂、不含矿物油。注入与肌肤酸碱性相近的氨基酸成份洁面乳！温和洁净肌肤不紧绷。特别是中干性、混合性、敏感性肌肤的不二之选。图1:freeplus芙丽芳丝洗面奶图2:sukin/苏芊天​展开全文c,4315635368006190,0,0,0
43,天使百宝,香港中西区,female,Lv.46,235,5941,36461,2018-12-10 10:08:00,2019-03-20 02:02:42,feed,日本大赏推荐curel珂润润浸保湿滋养乳霜40g修复干敏肌肤O网页链接💕2014年，2015年综合面霜类的cosme大赏第yi！要知道每年cosme多少面霜参选啊，这枚这么便宜的面霜能拿到第一，很能说明问题！有效成分是神经酰胺和桉树精华，一看这两点，成分控就知道这货主打防敏感和保湿而且超级无敌​展开全文c,4315621170218549,0,0,0
44,天使百宝,香港中西区,female,Lv.46,235,5941,36461,2018-12-10 10:07:00,2019-03-20 02:02:44,feed,日本进口Curel珂润润浸保湿卸卸啫喱130g温和不刺激O网页链接💕·守护肌肤原有滋润成分神经酰胺（Ceramide）的同时，充分卸除防晒，隔离等。·柔软啫喱状，无需用力揉搓即可轻松涂抹开。·无粘腻触感和彩妆残留，可充分洗净。·含消炎成分，有效防止肌肤粗糙。·弱酸性、无香料、无色素​展开全文c,4315620785316687,0,0,0
45,得得港货,香港,male,Lv.25,375,288,8460,2018-12-10 01:42:00,2019-03-20 02:02:50,feed,日本Curel珂润润浸保湿滋养乳霜40g，💰272/件🉐蕴含「润浸保湿Ceramide功能成分」及桉树精华，能深入渗透至肌肤角质层，让肌肤回复高密度滋润状态，感觉柔滑富弹性，同时有效抗御外来刺激。有效预防干燥问题恶化，提升肌肤自我防御能力，纾缓因肌肤干燥引起的不适。深层高效保湿配方，用后依然感​展开全文c,4315493630913430,0,0,0
46,是屯爹也是仙女豚,北京海淀区,female,Lv.4,66,12,23,2018-12-09 22:09:00,2019-03-20 02:02:52,feed,#🐬的美妆博主之路#空瓶记近期空瓶与开新洁面卸妆类:晚洁空了一个资生堂悦薇洁面小样，我觉得洁面是悦薇系列最好用的产品🙃，风最大的水乳我脚的不是很滋润。晨洁空了一个老旁友freeplus，我觉得我会一辈子回购的晨洁🙊。眼唇卸空了一个美宝莲眼唇卸小样，好用，我觉得和曼丹眼​展开全文c,4315440132033821,0,1,0
47,初初时尚全球购,河北唐山,female,Lv.9,361,332,4999,2018-12-09 18:49:00,2019-03-20 02:02:58,feed,现货！curel去角质啫喱，角质不去，再好的贵妇面霜，都难吸收。Cosme大赏推荐的，日本药妆店销售达到“疯抢”级别！Cure是日本药妆，所含成分的都是天然活性化水素，不含防腐剂和香料，简直是太懂敏感肌。用的时候真的能搓出很多白屑屑，用完皮肤很滑很嫩✌️这款国内屈臣氏卖300多，我在日本买的，​展开全文c,4315389771509017,0,0, 1
48,星星在香港,广东深圳,female,Lv.41,234,1324,8249,2018-12-09 18:20:00,2019-03-20 02:03:02,feed,特价💰135元包邮。Curel珂润保湿滋养面霜40g日本cosme大赏面霜第一位。这款乳霜是花王珂润系列中cosme评分最高的一款产品，成分在日系面霜中算最简洁的，对修复皮脂膜有非常好的功效。本身这个系列就是针对敏感干燥肌肤所研发，肌肤干燥脆弱、皮薄有红血丝的人群一定要试试这款乳霜产品。性敏感肌专​展开全文c,4315382456079717,0,0,0
49,坤坤与雪琳是好朋友,其他,female,Lv.9,22,32,193,2018-12-09 17:02:00,2019-03-20 02:03:07,feed,雪琳空瓶分享1.laprairie莱珀妮晚霜小样好几个小样，用光俩只，会搓泥，搓下来感觉钱都没了，味道好闻，使用感受可以，效果滋润？嫩肤？不搓泥会回购，但有时候它搓泥啊2.maxfactorx偶尔化妆，说不上好不好就那样3.benefit贝玲妃眉笔，眉胶？，渐变眉粉，就那样4.urbandecay眼部打底，会回购​展开全文c,4315362784824347,0,0,0
50,放心我不是正经代购,海外,female,Lv.8,218,2129,122,2018-12-09 16:19:00,2019-03-20 02:03:11,feed,💰148（预订款）不知道卖了多少瓶了性价比强销量王花王curel珂润保湿补水面霜，是一款为干燥性敏感肌肤考虑的低刺激性保湿面霜。有助肌肤自身的神经酰胺抵御外来刺激的能力，保持肌肤润泽。另外，从植物中提取的美白有效成分（ChamomillaET母菊萃取物）能够抑制黑色素生成防止色斑雀斑，令肌肤​展开全文c,4315352005371724,0,0,0
51,小小卖家201705,江苏,female,Lv.2,64,7,61,2018-12-09 14:21:00,2019-03-20 02:03:15,feed,158包邮用了你会感动到流泪的面霜！日本Curel珂润润浸保湿滋养面霜40g干燥性敏感肌日本cosme大賞面霜第一位这款乳霜是花王珂润系列中cosme评分最高的一款产品，成分在日系面霜中算最简洁的了，对修复皮脂膜有非常好的功效。本身这个系列就是针对敏感干燥肌肤所研发，肌肤干燥脆弱、皮薄有红血丝的人​展开全文c,4315322364936998,0,0,0
52,牛奶小草莓er_,江西南昌,female,Lv.39,704,616,574,2018-12-08 21:47:00,2019-03-20 02:03:21,feed,说一说孕期爱用物吧！本人冬混干，夏混油。#fresh玫瑰水#在上海确认怀孕后就立马冲进商场找fresh专柜买买买。这个玫瑰水补水效果很好，但是一点也不粘腻。质地就是水感的，拍完之后水水嫩嫩特别舒服！就像肌肤喝饱了水的感觉😉#欧莱雅青春密码肌底液#就是大家口中的欧莱雅小黑瓶屯了N瓶！确实​展开全文c,4315072106792209,0,0, 1
53,福森制图非种菜,海外日本,female,Lv.14,852,200,724,2018-12-08 21:30:00,2019-03-20 02:03:24,feed,#宝宝的小情绪#珂润面霜为敏感肌红血丝干燥肌而生啊[呲牙]它拿下17年cosme面霜类第一（高端部门）第一名珂润，第二名polaapex，第三名lamer。curel日本本土珂润面霜，珂润面霜高保湿面霜花王旗下的珂润，为敏感干燥肌而生的品牌。弱酸性配方，日本皮肤科医生推荐，尤其适合干燥敏感皮肤。奶油质​展开全文c,4315067828636705,0,0,0
54,桜花兔-Rita,广东深圳,female,Lv.14,304,137,216,2018-12-08 14:37:00,2019-03-20 02:04:14,feed,🇯🇵花王curel珂润保湿泡沫洗面奶，弱酸性，🈚️无香料无着色敏感肌可用❗️超丰富细腻的泡沫☁️，绝对是值得拥有的一款洁面产品。泡沫很绵密，用完脸上不紧绷，皮肤滑滑的，不油腻，很温和。打出的是立体的泡泡，味道很香，很好闻，用起来非常清爽，很舒服。感觉每个毛孔都被洗的干干净净​展开全文c,4314963977556746,0,0,0
55,八月的吖,广东,female,Lv.9,195,884,233,2018-12-08 13:45:00,2019-03-20 02:05:04,feed,🇯🇵花王curel珂润保湿泡沫洗面奶，弱酸性，🈚️无香料无着色敏感肌可用❗️超丰富细腻的泡沫☁️，绝对是值得拥有的一款洁面产品。泡沫很绵密，用完脸上不紧绷，皮肤滑滑的，不油腻，很温和。打出的是立体的泡泡，味道很香，很好闻，用起来非常清爽，很舒服。感觉每个毛孔都被洗的干干净净​展开全文c,4314950933663087,0,1,0
56,SUGI藥局,no location,female,Lv.5,35,21422,197,2018-12-08 13:03:00,2019-03-20 02:05:07,feed,【男士护肤】小仙女们总会准备万全的护肤护发产品，男士们却总会忽视自己的皮肤护理问题呢，国内市面上针对男士护理的产品种类也相对较少，来看看SUGI酱专门为男士总结的洗护系列吧！临近年底，小仙女们也可以给另一半和爸爸准备一份贴心小礼物呀～#SUGI药局##免税##男士护发#1资生堂uno​展开全文c,4314940238153532,1,0, 3
57,ming816817,河北廊坊,female,Lv.4,65,162,1017,2018-12-08 11:12:00,2019-03-20 02:05:10,feed,💰45👏👏珂润水乳！强烈推荐！🇯🇵花王柯润，其实珂润的产品非常好用，且平价‼️专门针对敏感肌，干燥肌，用过的都说好！质地偏薄，用完皮肤像喝饱了水一样💧抗衰，消炎，滋润，让你从根本上解决皮肤问题。它是日本花王研究室专门为敏感肌肤设计的护肤品，CUREL是日本销量No.1敏感肌肤品​展开全文c,4314912349728775,0,0,0
58,米奇香港站,广东,female,Lv.9,57,211,2521,2018-12-07 22:52:00,2019-03-20 02:05:20,feed,#米奇香港站#珂润水乳！强烈推荐！🇯🇵花王柯润，其实珂润的产品非常好用，且平价‼️专门针对敏感肌，干燥肌，用过的都说好！质地偏薄，用完皮肤像喝饱了水一样💧抗衰，消炎，滋润，让你从根本上解决皮肤问题。它是日本花王研究室专门为敏感肌肤设计的护肤品，CUREL是日本销量No.1敏感肌肤品牌​展开全文c,4314726114434466,0,0,0
59,米奇香港站,广东,female,Lv.9,57,211,2521,2018-12-07 22:51:00,2019-03-20 02:05:22,feed,#米奇香港站#日本🇯🇵花王Curel珂润润浸保湿面霜40ml综合面霜类的cosme大赏第一！质地就是传统的面霜质地，丝质柔滑白色奶油，我一直想说其实霜状的面霜比凝胶和啫哩状的面霜好吸收多了，推开，揉进肌肤瞬间的事情，一年四季都好用，只要你感觉皮肤干躁不适敏感都可以狠狠的糊这个一坨，完全不​展开全文c,4314725871247413,0,0,0
60,鱼q韩代-代购,湖南,female,Lv.39,416,7130,25327,2018-12-07 21:31:00,2019-03-20 02:05:23,feed,现货💰140不包邮🉐️日本🇯🇵Curel珂润保湿面霜🔻，性价比之王，这个面霜真的是不知卖了多少，回购也数不清，是那种平价但是贵妇都夸好的面霜，成分在日系面霜中算最简洁的了，对修复皮脂膜有非常好的功效。本身这个系列就是针对敏感干燥肌肤所研发，适合换季，便宜又好用的面霜，保湿性超​展开全文c,4314705696904877,0,0,0
61,用户5313557191,其他,female,Lv.4,26,10,150,2018-12-07 17:45:00,2019-03-20 02:05:29,feed,💰149代下🇯🇵Curel珂润润浸保湿面霜40g🐨考拉发货🌟综合面霜类的cosme大赏第一！质地就是传统的面霜质地✨丝质柔滑白色奶油，我一直想说其实霜状的面霜比凝胶和啫哩状的面霜好吸收多了✨推开✨揉进肌肤瞬间的事情✨一年四季都好用，只要你感觉皮肤干躁不适敏感都可以狠狠的糊这个一坨​展开全文c,4314648859445906,0,0,0
62,用户6106669298,其他,female,Lv.6,275,10,95,2018-12-07 14:46:00,2019-03-20 02:05:31,feed,推荐给敏感肌们！现货🇯🇵日本curel珂润保湿泡沫洗面奶150ml，挤出来全是泡泡哦～敏感肌干燥肌推荐！弱酸性，🙅无香料、无着色✔️超丰富细腻的泡沫，绝对是值得拥有的一款洁面产品。泡沫很绵密，用完脸上不紧绷，皮肤滑滑的，打出的是立体的泡泡，基本无味，用起来非常清爽，很舒服。感觉每个毛​展开全文c,4314603892945391,0,0,0
63,风凡世界·洋葱OMALL,广东中山,male,Lv.9,126,156,745,2018-12-07 13:02:00,2019-03-20 02:05:34,feed,今日头条☞⚛️珂润面霜⚛️号称“干敏皮亲妈”和“冬日平价保湿之王”🔷Curel珂润面霜富含Ceramide神经酰胺成分，其口碑及影响力一直是敏感肌人士最安心的选择。🔷在寒风凛冽、空气干燥的秋冬时分，将水润滋养成分充分渗透到角质层内，使肌肤不会轻易受外部刺激影响，持久保持水润弹性的状态​展开全文c,4314577695239132,0,0,0
64,香港代购lescar精致店,其他,male,Lv.9,181,479,7573,2018-12-07 12:50:00,2019-03-20 02:05:36,feed,CUREL珂润润唇膏给你一整天的滋润、珂润浸润保湿唇膏！无添加无刺激，孕妇和敏感肌肤都可使用！针对角质层较薄的唇部，添加了滋润成分——润浸保湿神经酰胺功能成分和由植物提取的保持滋润成分，能有效渗透至唇部角质层，提高双唇的水润密度。防止嘴唇粗糙、干裂。针对干燥敏感的双唇，能温和地紧密贴​展开全文c,4314574641358435,0,0,0
65,英国Winishop日韩美妆网,海外,female,Lv.37,5080,8242,4669,2018-12-07 02:33:00,2019-03-20 02:05:44,feed,#英国WINISHOP日韩美妆网#敏感肌救星🇯🇵花王Curel敏感肌珂润豐盈泡沫潔面乳150ml🌟珂润是日本花王旗下专为敏感肌设计的品牌#curel英国#它比一般洗面奶表现更持久，更丰盈～用后感觉舒爽水润，减少引起肌肤敏感#英国日代#同时守护肌肤内的天然保湿元素❤商品链接：O网页链接​展开全文c,4314419498290460,0,0, 1
66,用户6560140865,其他,female,Lv.3,75,3,3,2018-12-07 00:48:00,2019-03-20 02:05:47,feed,花王curel珂潤保濕泡沫洗面奶150ml，推薦給敏感肌們～弱酸性，無香料無著色！超豐富細膩的泡沫，絕對是值得擁有的一款潔面產品。泡沫很綿密，用完臉上不緊繃，皮膚滑滑的，不油膩，很溫和。打出的是立體的泡泡，味道很香，很好聞，用起來非常清爽，很舒服。非常適合乾皮，敏感肌。好不好看評測哦我不是​展开全文c,4314393032393235,0,0,0
67,蟹老板小买手,香港其他,female,Lv.42,2803,1519,18734,2018-12-06 15:13:00,2019-03-20 02:05:50,feed,Curel珂润紧致抗衰老弹力保湿面霜40gCurel珂润最新出的紫色抗初老系列，在原有保湿修复的基础上强化了抗老紧致的功效，保湿滋润和修复的功效比基础系列做的更好，妈妈级的皮肤一般会比较干，如果想送妈妈或者想要抗初老，那是个性价比很高的选择，特润型也很好吸收，质感很水润，一点都不厚重保湿炒​展开全文c,4314248325213649,0,0,0
68,蟹老板小买手,香港其他,female,Lv.42,2803,1519,18734,2018-12-06 15:13:00,2019-03-20 02:05:53,feed,推荐花王curel珂润保湿泡沫洗面奶150ml推荐给敏感肌们～弱酸性，无香料无着色！超丰富细腻的泡沫，绝对是值得拥有的一款洁面产品。泡沫很绵密，用完脸上不紧绷，皮肤滑滑的，不油腻，很温和。打出的是立体的泡泡，味道很香，很好闻，用起来非常清爽，很舒服。非常适合干皮，敏感肌。好不好看评测哦我​展开全文c,4314248219857991,0,0,0
69,蟹老板小买手,香港其他,female,Lv.42,2803,1519,18734,2018-12-06 15:13:00,2019-03-20 02:05:55,feed,KaoCurel花王珂润润浸保湿滋养面霜40g～干燥性敏感肌不孤独‼️日本cosme大赏面霜第一位👑这款乳霜是花王珂润系列中cosme评分最高的一款产品，成分在日系面霜中算最简洁的，对修复皮脂膜有非常好的功效。本身这个系列就是针对敏感干燥肌肤所研发，肌肤干燥脆弱、皮薄有红血丝的人群一定要试试这款​展开全文c,4314248165554213,0,0,0
70,蟹老板小买手,香港其他,female,Lv.42,2803,1519,18734,2018-12-06 15:12:00,2019-03-20 02:07:46,feed,日本花王Curel珂润温和浸润保湿补水乳液*敏感肌专用120ml😘配合滋润保湿成分[浸透保湿功能性神经酰胺、🐳桉树提取物]能够更深层的渗透至整个角质层。🌷并形成保护膜抵抗外部刺激、🌹满满的润泽感调整肌肤水分平衡、平滑肌肤纹理🍎。消炎剂配合🌹防止肌肤变粗糙。渗透力强非常容易吸收，​展开全文c,4314248106762664,0,0,0
71,小mm代购ing,浙江温州,female,Lv.26,333,263,3056,2018-12-06 14:53:00,2019-03-20 02:08:06,feed,12.13✈️日本预定✨天气冷就必须擦面霜呀！！它拿下17年cosme面霜类第一（高端部门）第一名珂润，第二名polaapex，第三名lamer。❤️curel日本本土珂润面霜，珂润面霜高保湿面霜。花王旗下的珂润，为敏感干燥肌而生的品牌。弱酸性配方，日本皮肤科医生推荐，尤其适合干燥敏感皮肤。奶油质地，清爽​展开全文c,4314243245703093,0,0, 1
72,李公子_LILI,海外日本,female,Lv.25,151,8061,226,2018-12-05 22:08:00,2019-03-20 02:08:33,feed,自认为对卸妆要求还是比较高比较上心，但不知道买的时候怎么就看不清楚是油还是凝胶还是乳呢，除了fancl那个卸妆油别人送的以外，这两个curel我硬是睁着眼睛买错了，一个是油一个是凝胶，但是用了之后居然没有那么讨厌，不是那种油油堵塞毛孔的类型，所以没扔用到现在也没什么毛病，我一直拒绝用卸妆油​展开全文c,4313990362159103,0,0, 1
73,日本代购西米,海外日本,female,Lv.27,178,373875,7806,2018-12-05 21:55:00,2019-03-20 02:08:55,feed,现货不多啦🎀Curel珂润润浸保湿面霜综合面霜类的cosme大赏第一质地就是传统的面霜质地丝质柔滑白色奶油霜状的面霜比凝胶和啫哩状的面霜好吸收多了推开揉进肌肤瞬间的事情一年四季都好用只要你感觉皮肤干躁不适敏感都可以狠狠的糊这个一坨完全不油腻保湿又滋润绝对值得推荐孕妇敏感​展开全文c,4313987124306327,0,0,0
74,一个被吃吃吃拐走的代购慕,广东深圳,male,Lv.9,25,1548,235,2018-12-05 17:55:00,2019-03-20 02:09:16,feed,珂润面霜，敏感肌一定要备一瓶。它拿下17年cosme面霜类第一（高端部门）第一名珂润，第二名polaapex，第三名lamer。❤️curel日本本土珂润面霜，珂润面霜高保湿面霜。花王旗下的珂润，为敏感干燥肌而生的品牌。弱酸性配方，日本皮肤科医生推荐，尤其适合干燥敏感皮肤。奶油质地，清爽不油腻～混油和​展开全文c,4313926554125877,0,0,0
75,Curel珂润,no location,female,Lv.41,146,44572,6401,2018-12-05 17:54:00,2019-03-20 02:09:36,feed,你对珂润产品足够了解吗，你掌握“珂”学护肤的正确方法了吗？通过几道护肤试题小测一下便知晓~即日起至12月9日，关注珂润官方微博@Curel珂润，并在此条微博评论区内，按照以下3道题目的顺序回复你认为正确的答案选项，即可向珂润好礼发起冲击！活动时间：2018年12月05日-2018年12月09日活动奖品：​展开全文c,4313926445625004,39,130, 22
76,Caiping是代购呀,海外其他,female,Lv.33,411,4092,5943,2018-12-05 15:06:00,2019-03-20 02:10:00,feed,日本Curel珂润紧致抗皱面霜紫色升级版新登场✨珂润连续登上cosme面霜榜终于出新招！也可以说是相当平价的一款面霜啦👏和以往的白包装不同的是新款紫色包装哦，这款紫色40g面霜主打抗皱紧致皮肤，修复肌底弹性纤维，高浓度保湿💦肌肤滋润富有弹性，过敏肌肤者也可以用哦，具有很强的抗敏性👏👏​展开全文c,4313884229404039,0,0,0
77,萱s日本直邮店,海外日本,female,Lv.48,882,13307,23470,2018-12-05 12:23:00,2019-03-20 02:10:19,feed,【12.5现货店每日特价】1.【日本拼邮【国内现货】CANMAKE/井田唇部遮瑕膏/唇棒滋润打底膏】日本拼邮【国内现货】CANMAKE/井田唇部遮瑕膏/唇棒滋润打底膏点击链接，再选择浏览器咑閞；或復·制这段描述￥pdnTbOOHI6Q￥后到👉淘♂寳♀👈2.【日本拼邮【国内现货】CANMAKE/井田棉花糖粉饼保湿遮瑕】日本拼邮【国内现货】CANMAKE/井田棉花糖粉饼保湿遮瑕点击链接，再​展开全文c,4313843175680696,0,0,0
78,嘀嘀麦姐,福建,female,Lv.8,10,33,87,2018-12-05 11:35:00,2019-03-20 02:10:41,feed,(敏感肌)【花王】curel珂润化妆水150ml1号清爽型(中性至油性适用)2号标准滋润(中性、偏干、混合性适用)3号滋润型(干性适用)珂润是花王旗下专为敏感肌设计的品牌花王公司独有的Ceramido(神经酰胺)它是干燥性敏感皮肤缺少的必需成分，能渗入到肌肤深层，抵御外部刺激，将水润填满角质细胞间的空隙配合消​展开全文c,4313831053848402,0,0,0
79,巴黎草莓美妝,no location,male,Lv.47,364,77964,10891,2018-12-05 11:26:00,2019-03-20 02:10:56,feed,#花王curel珂润保湿泡沫洗面奶#弱酸性无香料无着色敏感肌可用超丰富细腻的泡沫，绝对是值得拥有的一款洁面产品。泡沫很绵密，用完脸上不紧绷，皮肤滑滑的，不油腻，很温和。打出的是立体的泡泡，味道很香，很好闻用起来非常清爽，很舒服~感觉每个毛孔都被洗的干干净净的~孕妇也能用​展开全文c,4313828672052788,0,0, 1
80,毛毛北海道日本代购,海外日本,female,Lv.48,1341,224315,104526,2018-12-05 10:38:00,2019-03-20 02:11:10,feed,curel面霜。蝉联三届COSME面霜类大奖的珂润润浸保湿滋养乳霜，秋冬干燥季必备~有效成分是神经酰胺和桉树精华，主打敏感和保湿而且温和，润泽成分含桉树提取物，能深入浸透至角质层内部，强化角质层抵御外部刺激。迅速渗透到肌肤内层，补充肌肤水分，收敛。调整肌肤角质层，容易推开，揉进肌肤是瞬间的​展开全文c,4313816701502931,0,6,0
81,靓妆伊人美妆,广东广州,female,Lv.28,133,1009,10962,2018-12-04 22:32:00,2019-03-20 02:11:32,feed,一到换季就涨价！珂润面霜！日本🇯🇵花王Curel珂润润浸保湿面霜40ml，综合面霜类的cosme大赏第一！质地就是传统的面霜质地，丝质柔滑白色奶油，我一直想说其实霜状的面霜比凝胶和啫哩状的面霜好吸收多了，推开，揉进肌肤瞬间的事情，一年四季都好用，只要你感觉皮肤干躁不适敏感都可以狠狠的糊这个​展开全文c,4313633909737651,0,0,0
82,DidiLam迪迪,香港其他,female,Lv.4,47,10,33,2018-12-04 21:43:00,2019-03-20 02:11:54,feed,转季期间皮肤出现敏感，除了去看医生，皮肤护理还是回归简单自然比较好，用上#curel##香港##香港手信##日本製##日本美妆#一些配方比较天然和滋润的，为皮肤保充水份最重要~最近都在用Curel秋冬护肤系列，这套东西实在来得合时，从根本改善干燥性敏感肌肤荐给极干燥及敏感肌肤朋友，#curel#curelh​展开全文c,4313621608053632,0,0,0
83,划算小哥,重庆大渡口区,male,Lv.35,355,14323,30971,2018-12-04 20:53:00,2019-03-20 02:12:10,feed,先领全球169-101/199-120限品劵：O网页链接（宝贝页面领）太阳芦荟社太阳社玻尿酸保湿原液10ml/支拍5件：O网页链接日本花王珂润（Curel）浸润保湿化妆水（清爽型）150ml拍1件O网页链接日本进口cosmestore小青蛙天然无漂白化妆棉120片/包拍1件​展开全文c,4313609145839340,0,3,0
84,优惠女孩的日常,海外,female,Lv.38,556,2467604,25940,2018-12-04 20:38:00,2019-03-20 02:12:24,feed,小可爱投稿：【东哥】￼￼太阳芦荟社太阳社玻尿酸保湿原液10ml/支高效保湿锁水目前报价49，参与99选5件，拍5：O网页链接日本花王珂润（Curel）浸润保湿化妆水（清爽型）150ml目前报价179，拍1：O网页链接日本进口cosmestore小青蛙天然无漂白化妆棉120片/包目前报价29​展开全文c,4313605413196345,1,1049, 79
85,初初时尚全球购,河北唐山,female,Lv.9,361,332,4999,2018-12-04 19:57:00,2019-03-20 02:12:45,feed,现货！日本🇯🇵【花王curel珂润保湿泡沫洗面奶】弱酸性无香料无着色敏感肌可用！超丰富细腻的泡沫，绝对是值得拥有的一款洁面产品。👍🏻泡沫很绵密，用完脸上不紧绷，皮肤滑滑的，不油腻，很温和。🌈打出的是立体的泡泡，味道很香，很好闻，用起来非常清爽，很舒服。感觉每个毛孔都被洗的​展开全文c,4313595070233754,0,0,0
86,淘气宝贝心,浙江,female,Lv.48,799,12017,25790,2018-12-04 19:35:00,2019-03-20 02:13:02,feed,日本人肉代购珂润面霜40克O网页链接星期五我飞日本，有姐妹强烈要求我人肉带珂润面霜💰168日本🇯🇵Curel珂润面霜。日本连续3年cosme大赏面霜第一位👑成分在日系面霜中算最简洁的，对修复皮脂膜有非常好的功效。针对敏感干燥肌肤研发，肌肤干燥脆弱、皮薄有红血丝的人群一定要试​展开全文c,4313589491405572,0,0, 2
87,爱脸红的猫咪,湖北,female,Lv.4,62,73,162,2018-12-04 17:13:00,2019-03-20 02:13:24,feed,"🌈珂润润唇膏💰一件代发53💰5起47💰10起45防止嘴唇粗糙、干裂。*针对干燥敏感的双唇滋润但不油腻，不粘腻。哑光的效果。持久性很强。curel的润唇一天下来，3次左右就足够，效果也非常好了。喝完水也不用再补，滋润修护的效果也比较明显。哑光,滋润,持久,无色无香.*还可以作为唇部打底用哦​展开全文c",4313553655158227,0,0,0
88,蜜雪儿JAN,海外日本,female,Lv.45,25,447,9291,2018-12-04 15:50:00,2019-03-20 02:16:07,feed,推荐日本平价护肤！珂润水+乳+面霜！花王柯润，在同等价位中珂润的产品非常好用，专门针对敏感肌，干燥肌，用过的都说好！质地偏薄，用完皮肤像喝饱了水一样，补水，消炎，滋润，让你从根本上解决皮肤问题。它是日本花王研究室专门为敏感肌肤设计的护肤品，CUREL是日本销量No.1敏感肌肤品牌，95%亚洲女​展开全文c,4313532939554424,0,0,0
89,海淘省钱快报,no location,male,Lv.41,94,145029,33104,2018-12-04 15:20:00,2019-03-20 02:16:28,feed,amazon亚马逊海外购【珂润curel浸润保湿面霜40gCOSME大赏冠军】限时好价￥149：O网页链接虽然我是一个油皮兼敏感肌，但是我也有一颗冬天保湿的心啊~这款面霜已经成为我的秋冬必备了，再也不怕涂完面霜变“猪刚鬣”了。对所有肤质都很友好，尤其是敏感肌心中的“白月光”，乳霜质地​展开全文c,4313525314290261,0,0,0
90,朵儿日本直邮代购,其他,female,Lv.28,612,171,89,2018-12-04 15:05:00,2019-03-20 02:16:48,feed,#日本代购正品直邮##日本正品代购#包括：1.🇯🇵资生堂怡丽丝尔美白保湿水乳清爽型1⃣️套滋润型2⃣️套2.🇯🇵资生堂忧悦活颜系列金色高保湿林心如推荐款滋润型2⃣️套3.柳屋生发液360ml6⃣️瓶4.乐敦CC美白保湿喷雾4⃣️个5.fancl基础高保湿无添加水乳3⃣️套6.fancl氨基​展开全文c,4313521463757871,0,2, 1
91,夜夜家全球购,no location,female,Lv.48,839,25651,21045,2018-12-04 15:04:00,2019-03-20 02:17:08,feed,#珂润乳液#120ML，拯救痘痘肌、干燥肌、敏感肌！日本CUREL珂润系列大家族热销产品💋洗面奶+水乳+面霜+卸妆均现货哦‼️CUREL珂润是日本花王旗下专为敏感肌设计的品牌，弱酸性配方滋润保护肌肤，能让皮肤高保湿，同时无刺激皮肤，365日天天调理，让保湿因子深入到皮下角质层，增强对外部环境对皮肤​展开全文c,4313521245966465,0,3, 5
92,夜夜家全球购,no location,female,Lv.48,839,25651,21045,2018-12-04 15:02:00,2019-03-20 02:17:26,feed,日本#Curel珂润#保湿滋养面霜40g不用我安利了啊，毕竟人家都用空了23瓶了🤣敏感肌啊敏感肌啊你们皮肤有救了！对修复皮脂膜有非常好的功效。本身这个系列就是针对敏感干燥肌肤所研发，肌肤干燥脆弱、皮薄有红血丝的人群一定要试试这款乳霜产品。敏感肌专用‼️【现货夜夜家Curel珂润保湿面霜】​展开全文c,4313520679434637,0,2,0
93,牛奶栗子壳,江苏徐州,female,Lv.9,385,163,732,2018-12-04 12:57:00,2019-03-20 02:17:39,feed,120🉐包邮花王curel珂润保湿泡沫洗面奶——————————————❤︎❤弱酸性，🈚️无香料♥︎无着色♥︎敏感肌可用超丰富细腻的泡沫☁️，绝对是值得拥有的一款洁面产品。泡沫很绵密，用完脸上不紧绷，皮肤滑滑的，不油腻，很温和。打出的是立体的泡泡，味道很香，很好闻，用起来非常清爽​展开全文c,4313489189665053,0,0,0
94,SUPERNANA香港代购,香港黄大仙区,female,Lv.48,347,14063,6572,2018-12-04 10:41:00,2019-03-20 02:18:00,feed,珂润水乳！强烈推荐！日本花王珂润，其实珂润的产品非常好用，且平价‼️专门针对敏感肌，干燥肌，用过的都说好！质地偏薄，用完皮肤像喝饱了水一样💧抗衰，消炎，滋润，让你从根本上解决皮肤问题。它是日本花王研究室专门为敏感肌肤设计的护肤品，CUREL是日本销量No.1敏感肌肤品牌，95%亚洲女性使用​展开全文c,4313454984638823,0,0, 1
95,UU淘世界团购网,no location,female,Lv.43,130,230841,22995,2018-12-04 09:35:00,2019-03-20 02:18:18,feed,【12.4-12.5】【数量：50】珂润化妆水有1号2号3号，要哪个需要备注专门针对敏感肌，干燥肌，1号：清爽2号：滋润3号：特滋润团价：99包邮链接：Curel/珂润润浸保湿化妆水150ml敏感肌温和滋润爽肤水淘口令链接：【Curel/珂润润浸保湿化妆水150ml敏感肌温和滋润爽肤水】Curel/珂润润浸保湿化妆水150ml敏感肌温和滋润爽肤水点击链接，再选择浏览器咑​展开全文c,4313438341769863,0,2,0
96,UU淘世界团购网,no location,female,Lv.43,130,230841,22995,2018-12-04 09:25:00,2019-03-20 02:18:34,feed,【12.4-12.5】【数量：100】珂润面霜40克珂润这款面霜成分也简单主要浸润保湿完全可以感受到效果啊上脸以后，也可以帮助刷酸的来稳定皮肤对于角质层薄的敏感肌更友好。团价：125包邮链接：珂润保湿面霜女CUREL干燥敏感肌秋冬补水面霜40g淘口令链接：【珂润保湿面霜女CUREL干燥敏感肌秋冬补水面霜40g】​展开全文c,4313435824720625,0,0,0
97,寜家HK代購,广东汕头,female,Lv.31,103,339,1659,2018-12-04 00:09:00,2019-03-20 02:18:55,feed,〖寧家HK代購誠品推薦〗全新升級溫和潔淨成份配方，專為乾燥性敏感肌膚而設的日本『花王』旗下品牌「珂潤-Curel」“豐盈泡沫潤浸保濕潔面乳”每瓶150ml，售價150￥！直接用Ta輕抹搓揉在濕潤臉部，瞬間形成持久豐盈泡沫，能徹底潔淨汗水及污垢，舒爽水潤，緩解乾燥引起的不適感且不會造成負​展开全文c,4313295953546440,0,0,0
98,Dolly91,河北石家庄,female,Lv.34,397,1316,5088,2018-12-03 23:48:00,2019-03-20 02:19:13,feed,#100空瓶挑战#1.Kose公主面纱面膜。在曼谷松本清随便买的，看到第1位这三个字就果断买了，但是感受一般，没有他家干燥肌对策那一包好用。2.skinfood散粉。大学时期买的，时间太长了还没用完，扔！3.DHC润唇膏。好用，继续回购。4.Dior喷雾粉底液。奶油肌的妆效很好看，就是非常不禁用。​展开全文c,4313290668886072,0,0,0
99,象象代理,其他,female,Lv.4,1,8,139,2018-12-03 23:33:00,2019-03-20 02:19:34,feed,🌸Curel浸润保湿化妆水是花王旗下的温和型水，无色素、无香料，🤰🏻敏感肌以及孕妇妈妈们的爱用物，成份为蓝桉叶提取物，能够渗透至角质层深度保湿，促进皮肤生成（神经酰胺）调节肌肤不易受外部刺激，💥使用起来能够更加滋润，光滑，温和保湿。减少肌肤的敏感和维持稳定的功效。💦💰13​展开全文c,4313286999207123,0,0,0
100,新蕾维良,山东济南,female,Lv.29,1805,1003,1966,2018-12-03 22:25:00,2019-03-20 02:19:54,feed,珂润洗面奶，平价又好用，花王curel珂润保湿泡沫洗面奶弱酸性无香料无着色敏感肌可用！超丰富细腻的泡沫，绝对是值得拥有的一款洁面产品。泡沫很绵密，用完脸上不紧绷，皮肤滑滑的，不油腻，很温和。打出的是立体的泡泡，味道很香，很好闻，用起来非常清爽，很舒服。感觉每个毛孔都被洗的干干净净的​展开全文c,4313269843626940,0,0,0
101,一枚三文鱼寿司,海外,female,Lv.39,543,202,6185,2018-12-03 13:16:00,2019-03-20 02:20:14,feed,最近在做身体乳的功课比起冒险买那些所谓香香的身体乳我更宁愿直接买没有味道的因为我觉得香味的喜好因人而异那款网红雅顿绿茶有颗粒版的身体乳网上都说味道很清新可是我觉得味道超冲的每次擦感觉要被熏死了还有最近买fresh的教训黏啊厚重啊我都可以忍可是味道不对真的很难忍看来最​展开全文c,4313131566727349,0,16,0
102,寶健大藥房,香港,male,Lv.37,381,2330,6585,2018-12-03 13:08:00,2019-03-20 02:20:35,feed,💰150用了你会感动到流泪的面霜！日本Curel珂润润浸保湿滋养面霜40g干燥性敏感肌日本cosme大賞面霜第一位这款乳霜是花王珂润系列中cosme评分最高的一款产品，成分在日系面霜中算最简洁的了，对修复皮脂膜有非常好的功效。本身这个系列就是针对敏感干燥肌肤所研发，肌肤干燥脆弱、皮薄有红血丝的人​展开全文c,4313129632657434,0,0,0
103,马云爸爸的小员工,其他,female,Lv.4,29,7,86,2018-12-03 12:36:00,2019-03-20 02:20:55,feed,冬天需要一款补水面霜日本花王Curel/珂润面霜润浸保湿滋养乳霜补水保湿滋润40g不油🎅【在售价】129.00元【券后价】114.00元【下单链接】O网页链接---------------------推荐理由:日本原装进口，日本花王Curel珂润面霜，深入补水，保湿滋润，紧致滋养，细腻Q弹，抗衰修复面霜，敏​展开全文c,4313121587998443,0,0,0
104,糯米酱日澳生活馆,浙江宁波,male,Lv.47,1645,10785,16304,2018-12-03 11:54:00,2019-03-20 02:21:13,feed,现货#curel去角质啫喱，超好用！这款真的不管你在用多贵的化妆品都推荐你们入一瓶！保证不会错！！！珂润curel去角质啫喱，角质不去再好的贵妇面霜都难吸收Cosme大赏推荐的，日本药妆店销售达到“疯抢”级别！所含成分的91%都是天然活性化水素，不含防腐剂和香料，简直是太懂敏感肌。用的时候真的能搓​展开全文c,4313111026200126,0,0,0
105,Sxm5558350012,其他,female,Lv.9,367,134,291,2018-12-03 10:25:00,2019-03-20 02:21:34,feed,【Amily】今日推荐💰89❗👸花王curel珂润保湿泡沫洗面奶150ml推荐给敏感肌们～弱酸性，无香料无着色！超丰富细腻的泡沫，绝对是值得拥有的一款洁面产品。泡沫很绵密，用完脸上不紧绷，皮肤滑滑的，不油腻，很温和。打出的是立体的泡泡，味道很香，很好闻，用起来非常清爽，很舒服。非常适合干皮，​展开全文c,4313088540843113,0,0,0
106,蜜源邀请码33HZQK,四川,female,Lv.9,119,105,1332,2018-12-03 07:52:00,2019-03-20 02:23:02,feed,日本花王Curel/珂润面霜润浸保湿滋养乳霜补水保湿滋润40g不油【在售价】129【券后价】㊙114【推荐语】日本原装进口，日本花王Curel珂润面霜，深入补水，保湿滋润，紧致滋养，细腻Q弹，抗衰修复面霜，敏感肌适用！女神美肌必备，大牌值得信赖【直邮包税，七天无理由退换货】---------------复制​展开全文c,4313050166995570,0,0,0
107,澳洲珀斯日韩美淘铺,海外澳大利亚,female,Lv.22,499,252,1972,2018-12-03 06:43:00,2019-03-20 02:23:26,feed,有个日本阿姨到我家店里看到#curel#全系列好激动🧚‍♀️懂药妆的都知道这品牌在日本就是性价比之王！敏感肌福音烂脸必备！强烈推荐，珂润的产品非常好用，且平价‼️专门针对敏感肌，干燥肌，用过的都说好！质地偏薄，用完皮肤像喝饱了水一样💧抗衰，消炎，滋润，让你从根本上解决皮肤问题。它是​展开全文c,4313032730946961,0,0,0
108,陈青青说日韩泰Shopping,福建,female,Lv.31,283,481,631,2018-12-02 23:54:00,2019-03-20 02:23:46,feed,🔮·秒杀💰158包邮，日本Curel珂润润浸保湿面霜40g干燥/敏感肌专用，cosme大赏面霜第一位这款乳霜是花王珂润系列中cosme评分最高的一款产品，成分在日系面霜中算最简洁​的，对修复皮脂膜有非常好的功效，本身这个系列就是针对敏感干燥肌肤所研发，肌肤干燥脆弱、皮薄有红血丝的人群一​展开全文c,4312929887068116,0,0,0
109,盼盼日韩泰代购招代理,河南,female,Lv.27,398,304,603,2018-12-02 22:28:00,2019-03-20 02:24:04,feed,花王curel珂润保湿泡沫洗面奶150ml推荐给敏感肌们～弱酸性，无香料无着色❌超丰富细腻的泡沫，绝对是值得拥有的一款洁面产品。泡沫很绵密✨✨用完脸上不紧绷✅皮肤滑滑的✅不油腻✅很温和✅打出的是立体的泡泡，味道很香，很好闻，用起来非常清爽🍃🍃很舒服。非常适合干皮，敏感肌。​展开全文c,4312908286585161,0,0,0
110,普通美女曾美丽,湖南,female,Lv.42,162,10876,952,2018-12-02 19:35:00,2019-03-20 02:24:20,feed,噔噔！今天新开了一瓶这个👇氨基酸系洁面界的网红产品👇由于之前用过这款的洁面乳，使用感也很不错，所以双十一看到有超大容量的泡沫洁面就继续入啦！日系产品使用感都是非常温和滴！不过不知道是不是因为我用量太少，感觉泡沫不是很绵密，使用感也没有这款的乳状洗面奶好在相同价位区间​展开全文c,4312864712047150,0,4, 1
111,日本代购macysl口红种草试色推荐,海外日本,female,Lv.33,386,210109,13676,2018-12-02 14:21:00,2019-03-20 02:24:39,feed,花王curel珂润保湿泡沫洗面奶150ml推荐给敏感肌们～弱酸性，无香料无着色❌超丰富细腻的泡沫，绝对是值得拥有的一款洁面产品。泡沫很绵密✨✨用完脸上不紧绷✅皮肤滑滑的✅不油腻✅很温和✅打出的是立体的泡泡，味道很香，很好闻，用起来非常清爽🍃🍃很舒服。非常适合干皮，敏感肌。​展开全文c,4312785565338734,0,0,0
112,风中奇缘香港代购,广东深圳,female,Lv.22,408,1689,22728,2018-12-01 21:16:00,2019-03-20 02:24:53,feed,Curel珂润紧致抗衰老弹力保湿面霜40gCurel珂润最新出的紫色抗初老系列，在原有保湿修复的基础上强化了抗老紧致的功效，保湿滋润和修复的功效比基础系列做的更好，妈妈级的皮肤一般会比较干，如果想送妈妈或者想要抗初老，那是个性价比很高的选择，特润型也很好吸收，质感很水润，一点都不厚重保湿炒​展开全文c,4312527737437057,0,0,0
113,豆腐小姐日本代购,广东广州,female,Lv.9,244,224,564,2018-12-01 20:10:00,2019-03-20 02:25:11,feed,珂润化妆水强烈推荐敏感肌宝宝们专用哦！🇯🇵花王柯润，其实珂润的产品非常好用，且平价‼️专门针对敏感肌，干燥肌，用过的都说好！质地偏薄，用完皮肤像喝饱了水一样💧抗衰，消炎，滋润，让你从根本上解决皮肤问题。它是日本花王研究室专门为敏感肌肤设计的护肤品，CUREL是日本销量No.1敏感肌​展开全文c,4312511043862202,0,0,0
114,是迪拜小胖妞呀,安徽,female,Lv.29,117,293,836,2018-12-01 19:35:00,2019-03-20 02:25:29,feed,保湿效果非常好怪不得珂润面霜最近这么火！这款是珂润最好卖的一款！它拿下17年cosme面霜类第一名珂润👍，第二名polaapex，第三名lamer。curel日本本土珂润面霜，珂润面霜高保湿面霜花王旗下的珂润，为敏感干燥肌而生的品牌。弱酸性配方，日本皮肤科医生推荐，尤其适合干燥敏感皮肤。奶油质地，​展开全文c,4312502306720323,0,0,0
115,正品彩妆货源供应,海外其他,female,Lv.26,334,11378,1190,2018-12-01 16:13:00,2019-03-20 02:25:51,feed,美妆#珂润面霜#怪不得珂润面霜最近这么火！这款是珂润最好卖的一款！它拿下17年cosme面霜类第一（高端部门）第一名珂润，第二名polaapex，第三名lamer。curel日本本土珂润面霜，珂润面霜高保湿面霜花王旗下的珂润，为敏感干燥肌而生的品牌。弱酸性配方，日本皮肤科医生推荐，尤其适合干燥​展开全文c,4312451547266169,0,0,0
116,百炼成钢179,新疆博尔塔拉,male,Lv.8,420,1066,75,2018-12-01 16:09:00,2019-03-20 02:26:13,feed,💰135。首推Curel珂润面霜。日本连续3年cosme大赏面霜第一位👑cosme评分最高的一款产品，成分在日系面霜中算最简洁的，对修复皮脂膜有非常好的功效。本身这个系列就是针对敏感干燥肌肤所研发，肌肤干燥脆弱、皮薄有红血丝的人群一定要试试这款乳霜产品。用起来很快的，可以囤货。卖完又没有了。​展开全文c,4312450545057453,0,0,0
117,香港代购lescar精致店,其他,male,Lv.9,181,479,7573,2018-12-01 14:25:00,2019-03-20 02:26:33,feed,🇯🇵日本Curel珂润保湿滋养面霜40g日本cosme大赏面霜第一位👑是花王珂润系列中cosme评分最高的一款产品，成分在日系面霜中算最简洁的，对修复皮脂膜有非常好的功效。本身这个系列就是针对敏感干燥肌肤所研发，肌肤干燥脆弱、皮薄有红血丝的人群一定要试试这款乳霜产品，性敏感肌专用‼️​展开全文c,4312424242544350,0,0,0
118,普里西拉香港,香港其他,female,Lv.48,63,25722,41657,2018-12-01 13:08:00,2019-03-20 02:26:53,feed,125元。123號🌈【日本Curel珂润润浸保湿化妆水2号保湿3号超保湿型150ml】能够渗入肌肤深层🌺抵御外部刺激的侵扰。滋养肌肤调整肌肤纹理在肌肤表面形成一层人工皮脂膜[爱心]防止肌肤水分的蒸发[玫瑰]配合滋润保湿成分，能够更深层的渗透至整个角质层☁并形成保护膜抵抗外部刺激​展开全文c,4312404852077214,0,0,0
119,普里西拉香港,香港其他,female,Lv.48,63,25722,41657,2018-12-01 13:07:00,2019-03-20 02:27:15,feed,130元日本花王Curel珂润温和浸润保湿补水乳液*敏感肌专用120ml😘😘配合滋润保湿成分[浸透保湿功能性神经酰胺、桉树提取物]能够更深层的渗透至整个角质层。并形成保护膜抵抗外部刺激、满满的润泽感调整肌肤水分平衡、平滑肌肤纹理💃🏻💃🏻。消炎剂配合。防止肌肤变粗糙。渗透力强非常容​展开全文c,4312404722927016,0,0,0
120,伊人香港代购,其他,female,Lv.29,2036,760,13161,2018-12-01 11:55:00,2019-03-20 02:27:36,feed,特价🉐️168💕Curel珂润保湿滋养面霜40g日本cosme大赏面霜第一位👑这款乳霜是花王珂润系列中cosme评分最高的一款产品，成分在日系面霜中算最简洁的，对修复皮脂膜有非常好的功效。本身这个系列就是针对敏感干燥肌肤所研发，肌肤干燥脆弱、皮薄有红血丝的人群一定要试试这款乳霜产品。性敏感肌​展开全文c,4312386633133635,0,0,0
121,杏仁不爱巧克力,海外,female,Lv.48,485,382,619,2018-12-01 10:45:00,2019-03-20 02:27:53,feed,#杏仁叨叨##100个空瓶#43-50/100🔻【韩束墨菊深度补水露】我妈的被我拿来用了，真的还不错～有点像雅诗兰黛的红石榴水，有一点黏稠度的水。🔻【curel珂润化妆水】这个说空瓶好像有点勉强了，还剩一点，但是实在不想用了，完全鸡肋的化妆水，太清爽了。还是韩束的好用🔻【悦诗风吟青麦角质调​展开全文c,4312368890126237,0,2,0
122,一米七的小胖墩yo,浙江,female,Lv.28,641,1063,1018,2018-12-01 09:49:00,2019-03-20 02:28:12,feed,小仙女代购怪不得珂润面霜最近这么火！这款是珂润最好卖的一款！它拿下17年cosme面霜类第一（高端部门）第一名珂润，第二名polaapex，第三名lamer。curel日本本土珂润面霜，珂润面霜高保湿面霜花王旗下的珂润，为敏感干燥肌而生的品牌。弱酸性配方，日本皮肤科医生推荐，尤其适合干燥敏感​展开全文c,4312354873845131,0,0,0
123,一只鹿香港代购海淘拼单,其他,female,Lv.9,116,476,2147,2018-12-01 07:16:00,2019-03-20 02:28:33,feed,日本CUREL珂润保湿深层面霜40g😘这款乳霜是花王珂润系列中cosme评分很高的一款产品，🍃成分在日系面霜中算最简洁的了，对修复皮脂膜有非常好的功效。👻本身这个系列就是针对敏感干燥肌肤所研发，肌肤干燥脆弱、皮薄有红血丝的人群一定要试试这款乳霜产品。😎干性肌肤一年四季都可以使用。​展开全文c,4312316210768914,0,0,0
124,一只鹿香港代购海淘拼单,其他,female,Lv.9,116,476,2147,2018-12-01 07:16:00,2019-03-20 02:28:52,feed,日本CUREL珂润润唇膏给你一整天的滋润、珂润浸润保湿唇膏！无添加无刺激，孕妇和敏感肌肤都可使用！针对角质层较薄的唇部，添加了滋润成分——润浸保湿神经酰胺功能成分和由植物提取的保持滋润成分，能有效渗透至唇部角质层，提高双唇的水润密度。防止嘴唇粗糙、干裂。针对干燥敏感的双唇，能温和地紧​展开全文c,4312316184376606,0,0,0
125,一只鹿香港代购海淘拼单,其他,female,Lv.9,116,476,2147,2018-12-01 07:15:00,2019-03-20 02:29:10,feed,Curel珂润泡沫洁面乳150ml它能瞬间形成盈泡沫，比一般洗面奶表现更持久，更丰盈哦~。洁面时无需过度搓揉，不会对肌肤造成负担，用后感觉舒爽水润，减少引起肌肤敏感，能彻底洁净汗水及油脂污垢，同时守护肌肤的“Ceramido神经酰胺”成分。记住它是弱酸性，无香料，无色素，无酒精，防敏感配方，防​展开全文c,4312316167595807,0,0,0
126,思想聚焦,广东广州,male,Lv.48,1756,28921326,81074,2019-03-19 23:57:00,2019-03-20 02:31:20,feed,快乐真的是会传染的！大家每天都要快乐呀~​​​​,4351706148048623,1219,369, 3052
127,追风少年刘全有,安徽,male,Lv.48,1511,14266884,25100,2019-03-19 23:54:00,2019-03-20 02:31:33,feed,本人减肥完全靠嘴巴说说​,4351705460208070,280,522, 1402
128,同道大叔,北京东城区,male,Lv.48,985,17173276,14128,2019-03-20 00:23:00,2019-03-20 02:32:01,feed,前一段时间喝酒的时候跟一个朋友聊天忽然就聊到了亲人离世的话题她说她爸爸生病去世快六年了走的那年她20岁她也说“一夜长大”真的是个动词面对永远的失去可能一辈子都好不了可也必须面对去变成熟去照顾家人去直面那些深夜里的哭泣和没法用语言形容的痛感她说刚开始根本就反应不过来，忙着​,4351712527254969,286,283, 1635
129,音乐铺子,广东广州,male,Lv.48,173,1859018,17212,2019-03-20 00:00:00,2019-03-20 02:32:17,feed,SoulJa&青山黛玛现场版《そばにいるね(留在我身边)》目前是“吉尼斯世界纪录大全”日本最高销量下载单曲非常好听的一首歌，相信你肯定听到过L音乐铺子的微博视频​,4351706915439124,1149,37, 638
130,大连老湿王博文,广东,male,Lv.48,79,3233801,4687,2019-03-20 00:15:00,2019-03-20 02:32:36,feed,没睡的出来冒个泡，我看看多少人？​,4351710661130081,6,916, 1284
131,思想聚焦,广东广州,male,Lv.48,1756,28921337,81074,2019-03-19 23:57:00,2019-03-20 02:34:51,feed,快乐真的是会传染的！大家每天都要快乐呀~​​​​,4351706148048623,1202,365, 3004
132,大连老湿王博文,广东,male,Lv.48,79,3233803,4687,2019-03-20 00:15:00,2019-03-20 02:35:07,feed,没睡的出来冒个泡，我看看多少人？​,4351710661130081,6,909, 1269
133,朱一龙,北京朝阳区,male,Lv.41,216,14867567,631,2019-03-19 23:59:00,2019-03-20 02:35:29,feed,先睡他个自然醒晚安​,4351706559553655,154107,67870, 71437
134,头条新闻,no location,female,Lv.48,1355,63555210,155325,2019-03-19 23:50:00,2019-03-20 02:35:52,feed,【又一位英雄回家了！海军飞行员粘金鑫烈士忠魂归故里】海南战机失事中2名飞行员壮烈牺牲，其中一名飞行员粘金鑫是山东莱阳市高格庄镇东大策村人，年仅27岁。18日，粘金鑫烈士的骨灰回到故乡……送别英雄，一路走好！L人民网的秒拍视频#海军飞行员为避免更大伤亡迫降牺牲#​,4351704234726633,84,198, 665
135,一支上上签,海外印尼,female,Lv.46,1,8782246,9169,2019-03-20 00:00:00,2019-03-20 02:36:12,feed,幸运的人会看到这条微博，并且变得更加幸运​,4351706751323798,302,335, 1756
136,大连老湿王博文,广东,male,Lv.48,79,3233806,4687,2019-03-20 00:15:00,2019-03-20 02:38:20,feed,没睡的出来冒个泡，我看看多少人？​,4351710661130081,7,937, 1345
137,音乐铺子,广东广州,male,Lv.48,173,1859025,17212,2019-03-20 00:00:00,2019-03-20 02:38:35,feed,SoulJa&青山黛玛现场版《そばにいるね(留在我身边)》目前是“吉尼斯世界纪录大全”日本最高销量下载单曲非常好听的一首歌，相信你肯定听到过L音乐铺子的微博视频​,4351706915439124,1170,40, 659
138,同道大叔,北京东城区,male,Lv.48,985,17173281,14128,2019-03-20 00:23:00,2019-03-20 02:39:00,feed,前一段时间喝酒的时候跟一个朋友聊天忽然就聊到了亲人离世的话题她说她爸爸生病去世快六年了走的那年她20岁她也说“一夜长大”真的是个动词面对永远的失去可能一辈子都好不了可也必须面对去变成熟去照顾家人去直面那些深夜里的哭泣和没法用语言形容的痛感她说刚开始根本就反应不过来，忙着​,4351712527254969,313,308, 1751
139,毛不易,北京,male,Lv.34,430,12718845,522,2019-03-19 23:53:00,2019-03-20 02:39:15,feed,超大牌发型老师Leo先生，在植发手术当日带病坚持帮我染头发。可见发型师也有脱发的困扰，令人感动，希望大家爱惜他，同时也要爱惜自己的头发。🙃​,4351705140987795,1859,2119, 6597
140,追风少年刘全有,安徽,male,Lv.48,1511,14266887,25100,2019-03-19 23:54:00,2019-03-20 02:39:34,feed,本人减肥完全靠嘴巴说说​,4351705460208070,283,526, 1439
141,思想聚焦,广东广州,male,Lv.48,1756,28921354,81074,2019-03-19 23:57:00,2019-03-20 02:41:47,feed,快乐真的是会传染的！大家每天都要快乐呀~​​​​,4351706148048623,1199,364, 2984
142,头条新闻,no location,female,Lv.48,1355,63555324,155325,2019-03-19 23:50:00,2019-03-20 02:42:12,feed,【又一位英雄回家了！海军飞行员粘金鑫烈士忠魂归故里】海南战机失事中2名飞行员壮烈牺牲，其中一名飞行员粘金鑫是山东莱阳市高格庄镇东大策村人，年仅27岁。18日，粘金鑫烈士的骨灰回到故乡……送别英雄，一路走好！L人民网的秒拍视频#海军飞行员为避免更大伤亡迫降牺牲#​,4351704234726633,82,197, 661
143,同道大叔,北京东城区,male,Lv.48,985,17173286,14128,2019-03-20 00:23:00,2019-03-20 02:42:38,feed,前一段时间喝酒的时候跟一个朋友聊天忽然就聊到了亲人离世的话题她说她爸爸生病去世快六年了走的那年她20岁她也说“一夜长大”真的是个动词面对永远的失去可能一辈子都好不了可也必须面对去变成熟去照顾家人去直面那些深夜里的哭泣和没法用语言形容的痛感她说刚开始根本就反应不过来，忙着​,4351712527254969,280,277, 1566
144,朱一龙,北京朝阳区,male,Lv.41,216,14867586,631,2019-03-19 23:59:00,2019-03-20 02:42:56,feed,先睡他个自然醒晚安​,4351706559553655,152185,67696, 71114
145,娱乐扒皮叔,山东,male,Lv.38,1119,4326545,4260,2019-03-19 23:59:00,2019-03-20 02:43:18,feed,#都挺好##苏家舅舅#也是个奇葩，只有苏家三兄妹联手加上苏大强才搞定！来一组苏大强的经典表情吧2菏泽·唐塔街区​,4351706525739793,256,66, 994
146,全球热门视频,广东广州,female,Lv.48,257,1362217,28018,2019-03-19 23:00:00,2019-03-20 02:45:28,feed,衣柜衣服总是太乱？学会这几种方法，轻松收纳各种衣服！L全球热门视频的微博视频​,4351691849818926,1366,32, 290
147,韩国me2day,海外,male,Lv.48,233,21171901,180201,2019-03-19 23:08:00,2019-03-20 02:45:46,feed,【Twitter】金泰妍新曲<FourSeasons>The2ndSeason预告公开!!仙气满满的泰古~L韩国me2day的秒拍视频​,4351693670078842,1209,738, 3523
148,劉嘉玲,香港,female,Lv.48,492,18631080,3464,2019-03-19 23:06:00,2019-03-20 02:46:06,feed,明日戰記​,4351693342789439,42,98, 1244
149,同道大叔,北京东城区,male,Lv.48,985,17173287,14128,2019-03-19 23:30:00,2019-03-20 02:46:33,feed,有面对世界的特别感受该来的来该走的走一切随缘分手了会为你加油但不要再见面了做自己有能让自己感受到幸福的事情和能力天蝎就是这么生活的​,4351699210644041,229,413, 1790
150,1LUVMYSELF,其他,male,Lv.4,2,283030,4,2019-03-19 23:00:00,2019-03-20 02:46:53,feed,​,4351691858227779,1607,2448, 4598
151,1LUVMYSELF,其他,male,Lv.4,2,283029,4,2019-03-19 23:00:00,2019-03-20 02:49:05,feed,​,4351691858227779,1584,2426, 4521
152,劉嘉玲,香港,female,Lv.48,492,18631083,3464,2019-03-19 23:06:00,2019-03-20 02:49:21,feed,明日戰記​,4351693342789439,40,95, 1190
153,YouTube精彩视频,海外美国,male,Lv.48,491,12498794,17304,2019-03-19 23:05:00,2019-03-20 02:49:34,feed,【BBC纪录片《关于减肥你应该知道的十件事》】BBC出品权威的理论，深入浅出的讲解，全中文字幕，科学讲解如何减肥。片中也提到：运动后会消耗更多的脂肪，远远大于运动时的消耗，后续消耗大约持续22小时。想减脂的同学快来看一看！L英国院校那些事的秒拍视频​,4351692977903995,1540,184, 2077
154,最神奇的视频,海外美国,male,Lv.48,391,12487046,48409,2019-03-19 23:15:00,2019-03-20 02:49:48,feed,【年轻人，别让任何人打乱你的人生节奏】——如果你很迷茫，不妨看一看这个演讲，值得一看！L最神奇的视频的微博视频​,4351695590700928,1519,49, 961
155,同道大叔,北京东城区,male,Lv.48,985,17173293,14128,2019-03-19 23:30:00,2019-03-20 02:50:15,feed,有面对世界的特别感受该来的来该走的走一切随缘分手了会为你加油但不要再见面了做自己有能让自己感受到幸福的事情和能力天蝎就是这么生活的​,4351699210644041,221,401, 1724
156,毛不易,北京,male,Lv.34,430,12718869,522,2019-03-19 23:53:00,2019-03-20 02:52:18,feed,超大牌发型老师Leo先生，在植发手术当日带病坚持帮我染头发。可见发型师也有脱发的困扰，令人感动，希望大家爱惜他，同时也要爱惜自己的头发。🙃​,4351705140987795,2003,2136, 6764
157,大连老湿王博文,广东,male,Lv.48,79,3233806,4687,2019-03-20 00:15:00,2019-03-20 02:52:37,feed,没睡的出来冒个泡，我看看多少人？​,4351710661130081,7,961, 1394
158,追风少年刘全有,安徽,male,Lv.48,1511,14266888,25100,2019-03-19 23:54:00,2019-03-20 02:52:58,feed,本人减肥完全靠嘴巴说说​,4351705460208070,288,531, 1487
159,头条新闻,no location,female,Lv.48,1355,63555495,155325,2019-03-19 23:50:00,2019-03-20 02:53:22,feed,【又一位英雄回家了！海军飞行员粘金鑫烈士忠魂归故里】海南战机失事中2名飞行员壮烈牺牲，其中一名飞行员粘金鑫是山东莱阳市高格庄镇东大策村人，年仅27岁。18日，粘金鑫烈士的骨灰回到故乡……送别英雄，一路走好！L人民网的秒拍视频#海军飞行员为避免更大伤亡迫降牺牲#​,4351704234726633,92,213, 751
160,音乐铺子,广东广州,male,Lv.48,173,1859028,17213,2019-03-20 00:00:00,2019-03-20 02:53:38,feed,SoulJa&青山黛玛现场版《そばにいるね(留在我身边)》目前是“吉尼斯世界纪录大全”日本最高销量下载单曲非常好听的一首歌，相信你肯定听到过L音乐铺子的微博视频​,4351706915439124,1194,43, 682
161,追风少年刘全有,安徽,male,Lv.48,1511,14266890,25100,2019-03-19 23:54:00,2019-03-20 02:55:43,feed,本人减肥完全靠嘴巴说说​,4351705460208070,280,522, 1402
162,一支上上签,海外印尼,female,Lv.46,1,8782440,9169,2019-03-20 00:00:00,2019-03-20 02:56:00,feed,幸运的人会看到这条微博，并且变得更加幸运​,4351706751323798,307,339, 1778
163,娱乐扒皮叔,山东,male,Lv.38,1119,4326545,4260,2019-03-19 23:59:00,2019-03-20 02:56:20,feed,#都挺好##苏家舅舅#也是个奇葩，只有苏家三兄妹联手加上苏大强才搞定！来一组苏大强的经典表情吧2菏泽·唐塔街区​,4351706525739793,261,67, 1009
164,大连老湿王博文,广东,male,Lv.48,79,3233807,4687,2019-03-20 00:15:00,2019-03-20 02:56:36,feed,没睡的出来冒个泡，我看看多少人？​,4351710661130081,6,916, 1284
165,朱一龙,北京朝阳区,male,Lv.41,216,14867613,631,2019-03-19 23:59:00,2019-03-20 02:56:50,feed,先睡他个自然醒晚安​,4351706559553655,155970,68169, 72107
166,头条新闻,no location,female,Lv.48,1355,63555608,155325,2019-03-19 23:50:00,2019-03-20 02:59:04,feed,【又一位英雄回家了！海军飞行员粘金鑫烈士忠魂归故里】海南战机失事中2名飞行员壮烈牺牲，其中一名飞行员粘金鑫是山东莱阳市高格庄镇东大策村人，年仅27岁。18日，粘金鑫烈士的骨灰回到故乡……送别英雄，一路走好！L人民网的秒拍视频#海军飞行员为避免更大伤亡迫降牺牲#​,4351704234726633,94,214, 764
167,音乐铺子,广东广州,male,Lv.48,173,1859033,17213,2019-03-20 00:00:00,2019-03-20 02:59:22,feed,SoulJa&青山黛玛现场版《そばにいるね(留在我身边)》目前是“吉尼斯世界纪录大全”日本最高销量下载单曲非常好听的一首歌，相信你肯定听到过L音乐铺子的微博视频​,4351706915439124,1203,44, 690
168,思想聚焦,广东广州,male,Lv.48,1756,28921383,81074,2019-03-19 23:57:00,2019-03-20 02:59:46,feed,快乐真的是会传染的！大家每天都要快乐呀~​​​​,4351706148048623,1284,396, 3339
169,娱乐扒皮叔,山东,male,Lv.38,1119,4326545,4260,2019-03-19 23:59:00,2019-03-20 03:00:07,feed,#都挺好##苏家舅舅#也是个奇葩，只有苏家三兄妹联手加上苏大强才搞定！来一组苏大强的经典表情吧2菏泽·唐塔街区​,4351706525739793,271,79, 1041
170,朱一龙,北京朝阳区,male,Lv.41,216,14867616,631,2019-03-19 23:59:00,2019-03-20 03:00:22,feed,先睡他个自然醒晚安​,4351706559553655,175787,70064, 76554
171,追风少年刘全有,安徽,male,Lv.48,1511,14266901,25100,2019-03-19 23:54:00,2019-03-20 03:02:30,feed,本人减肥完全靠嘴巴说说​,4351705460208070,281,521, 1414
172,一支上上签,海外印尼,female,Lv.46,1,8782508,9169,2019-03-20 00:00:00,2019-03-20 03:03:04,feed,幸运的人会看到这条微博，并且变得更加幸运​,4351706751323798,309,342, 1794
173,娱乐扒皮叔,山东,male,Lv.38,1119,4326544,4260,2019-03-19 23:59:00,2019-03-20 03:03:25,feed,#都挺好##苏家舅舅#也是个奇葩，只有苏家三兄妹联手加上苏大强才搞定！来一组苏大强的经典表情吧2菏泽·唐塔街区​,4351706525739793,262,68, 1017
174,同道大叔,北京东城区,male,Lv.48,985,17173306,14128,2019-03-20 00:23:00,2019-03-20 03:03:52,feed,前一段时间喝酒的时候跟一个朋友聊天忽然就聊到了亲人离世的话题她说她爸爸生病去世快六年了走的那年她20岁她也说“一夜长大”真的是个动词面对永远的失去可能一辈子都好不了可也必须面对去变成熟去照顾家人去直面那些深夜里的哭泣和没法用语言形容的痛感她说刚开始根本就反应不过来，忙着​,4351712527254969,294,291, 1655
175,音乐铺子,广东广州,male,Lv.48,173,1859033,17214,2019-03-20 00:00:00,2019-03-20 03:04:23,feed,SoulJa&青山黛玛现场版《そばにいるね(留在我身边)》目前是“吉尼斯世界纪录大全”日本最高销量下载单曲非常好听的一首歌，相信你肯定听到过L音乐铺子的微博视频​,4351706915439124,1152,38, 643
176,思想聚焦,广东广州,male,Lv.48,1756,28921389,81074,2019-03-19 23:57:00,2019-03-20 03:06:38,feed,快乐真的是会传染的！大家每天都要快乐呀~​​​​,4351706148048623,1291,402, 3397
177,娱乐扒皮叔,山东,male,Lv.38,1119,4326545,4260,2019-03-19 23:59:00,2019-03-20 03:07:10,feed,#都挺好##苏家舅舅#也是个奇葩，只有苏家三兄妹联手加上苏大强才搞定！来一组苏大强的经典表情吧2菏泽·唐塔街区​,4351706525739793,271,79, 1041
178,一支上上签,海外印尼,female,Lv.46,1,8782577,9169,2019-03-20 00:00:00,2019-03-20 03:07:32,feed,幸运的人会看到这条微博，并且变得更加幸运​,4351706751323798,353,376, 2005
179,头条新闻,no location,female,Lv.48,1355,63555772,155326,2019-03-19 23:50:00,2019-03-20 03:07:54,feed,【又一位英雄回家了！海军飞行员粘金鑫烈士忠魂归故里】海南战机失事中2名飞行员壮烈牺牲，其中一名飞行员粘金鑫是山东莱阳市高格庄镇东大策村人，年仅27岁。18日，粘金鑫烈士的骨灰回到故乡……送别英雄，一路走好！L人民网的秒拍视频#海军飞行员为避免更大伤亡迫降牺牲#​,4351704234726633,95,216, 775
180,朱一龙,北京朝阳区,male,Lv.41,216,14867635,631,2019-03-19 23:59:00,2019-03-20 03:08:16,feed,先睡他个自然醒晚安​,4351706559553655,178849,70414, 77207
181,一支上上签,海外印尼,female,Lv.46,1,8782616,9169,2019-03-20 00:00:00,2019-03-20 03:10:25,feed,幸运的人会看到这条微博，并且变得更加幸运​,4351706751323798,301,335, 1743
182,头条新闻,no location,female,Lv.48,1355,63555824,155326,2019-03-19 23:50:00,2019-03-20 03:10:49,feed,【又一位英雄回家了！海军飞行员粘金鑫烈士忠魂归故里】海南战机失事中2名飞行员壮烈牺牲，其中一名飞行员粘金鑫是山东莱阳市高格庄镇东大策村人，年仅27岁。18日，粘金鑫烈士的骨灰回到故乡……送别英雄，一路走好！L人民网的秒拍视频#海军飞行员为避免更大伤亡迫降牺牲#​,4351704234726633,82,197, 661
183,音乐铺子,广东广州,male,Lv.48,173,1859037,17215,2019-03-20 00:00:00,2019-03-20 03:11:10,feed,SoulJa&青山黛玛现场版《そばにいるね(留在我身边)》目前是“吉尼斯世界纪录大全”日本最高销量下载单曲非常好听的一首歌，相信你肯定听到过L音乐铺子的微博视频​,4351706915439124,1136,37, 634
184,毛不易,北京,male,Lv.34,430,12718894,522,2019-03-19 23:53:00,2019-03-20 03:11:28,feed,超大牌发型老师Leo先生，在植发手术当日带病坚持帮我染头发。可见发型师也有脱发的困扰，令人感动，希望大家爱惜他，同时也要爱惜自己的头发。🙃​,4351705140987795,1716,2086, 6362
185,娱乐扒皮叔,山东,male,Lv.38,1119,4326545,4260,2019-03-19 23:59:00,2019-03-20 03:11:50,feed,#都挺好##苏家舅舅#也是个奇葩，只有苏家三兄妹联手加上苏大强才搞定！来一组苏大强的经典表情吧2菏泽·唐塔街区​,4351706525739793,256,66, 994
186,大连老湿王博文,广东,male,Lv.48,79,3233812,4687,2019-03-20 00:15:00,2019-03-20 03:13:58,feed,没睡的出来冒个泡，我看看多少人？​,4351710661130081,9,975, 1450
187,头条新闻,no location,female,Lv.48,1355,63555901,155326,2019-03-19 23:50:00,2019-03-20 03:14:21,feed,【又一位英雄回家了！海军飞行员粘金鑫烈士忠魂归故里】海南战机失事中2名飞行员壮烈牺牲，其中一名飞行员粘金鑫是山东莱阳市高格庄镇东大策村人，年仅27岁。18日，粘金鑫烈士的骨灰回到故乡……送别英雄，一路走好！L人民网的秒拍视频#海军飞行员为避免更大伤亡迫降牺牲#​,4351704234726633,97,220, 787
188,同道大叔,北京东城区,male,Lv.48,985,17173313,14128,2019-03-20 00:23:00,2019-03-20 03:14:47,feed,前一段时间喝酒的时候跟一个朋友聊天忽然就聊到了亲人离世的话题她说她爸爸生病去世快六年了走的那年她20岁她也说“一夜长大”真的是个动词面对永远的失去可能一辈子都好不了可也必须面对去变成熟去照顾家人去直面那些深夜里的哭泣和没法用语言形容的痛感她说刚开始根本就反应不过来，忙着​,4351712527254969,356,340, 1976
189,追风少年刘全有,安徽,male,Lv.48,1511,14266908,25100,2019-03-19 23:54:00,2019-03-20 03:15:03,feed,本人减肥完全靠嘴巴说说​,4351705460208070,296,534, 1516
190,毛不易,北京,male,Lv.34,430,12718898,522,2019-03-19 23:53:00,2019-03-20 03:15:15,feed,超大牌发型老师Leo先生，在植发手术当日带病坚持帮我染头发。可见发型师也有脱发的困扰，令人感动，希望大家爱惜他，同时也要爱惜自己的头发。🙃​,4351705140987795,2119,2164, 6874
191,头条新闻,no location,female,Lv.48,1355,63555964,155326,2019-03-19 23:50:00,2019-03-20 03:17:31,feed,【又一位英雄回家了！海军飞行员粘金鑫烈士忠魂归故里】海南战机失事中2名飞行员壮烈牺牲，其中一名飞行员粘金鑫是山东莱阳市高格庄镇东大策村人，年仅27岁。18日，粘金鑫烈士的骨灰回到故乡……送别英雄，一路走好！L人民网的秒拍视频#海军飞行员为避免更大伤亡迫降牺牲#​,4351704234726633,98,220, 787
192,音乐铺子,广东广州,male,Lv.48,173,1859041,17215,2019-03-20 00:00:00,2019-03-20 03:17:52,feed,SoulJa&青山黛玛现场版《そばにいるね(留在我身边)》目前是“吉尼斯世界纪录大全”日本最高销量下载单曲非常好听的一首歌，相信你肯定听到过L音乐铺子的微博视频​,4351706915439124,1222,46, 707
193,思想聚焦,广东广州,male,Lv.48,1756,28921414,81074,2019-03-19 23:57:00,2019-03-20 03:18:14,feed,快乐真的是会传染的！大家每天都要快乐呀~​​​​,4351706148048623,1297,405, 3417
194,同道大叔,北京东城区,male,Lv.48,985,17173313,14128,2019-03-20 00:23:00,2019-03-20 03:18:41,feed,前一段时间喝酒的时候跟一个朋友聊天忽然就聊到了亲人离世的话题她说她爸爸生病去世快六年了走的那年她20岁她也说“一夜长大”真的是个动词面对永远的失去可能一辈子都好不了可也必须面对去变成熟去照顾家人去直面那些深夜里的哭泣和没法用语言形容的痛感她说刚开始根本就反应不过来，忙着​,4351712527254969,356,341, 1978
195,大连老湿王博文,广东,male,Lv.48,79,3233817,4687,2019-03-20 00:15:00,2019-03-20 03:18:59,feed,没睡的出来冒个泡，我看看多少人？​,4351710661130081,9,977, 1454
196,俞灏明,北京朝阳区,male,Lv.45,280,16418367,912,2019-03-20 00:55:00,2019-03-20 03:21:06,feed,母亲大人生日，我把她硬拽到剧组来，想要亲自给她过生日，但她生日当天我整天的通告脱不开身，着急啊，于是我就去买了玫瑰花提前布置房间，铺了满屋花路！想要给她个小惊喜，但我助理跟我说：“这不是对女朋友才整这样的吗？我说：“我妈她就是我最爱的女人啊”​,4351720735711613,2145,1784, 3462
197,阴阳师-徐清林,山东聊城,male,Lv.29,208,176025,2698,2019-03-20 01:05:00,2019-03-20 03:21:28,feed,这是一条许愿的微博，大家把自己今天最想抽到的式神在这里许下愿望。我的愿望是sp妖刀姬。阴阳师手游#阴阳师手游#​,4351723177252434,27,624, 84
198,阿波罗纳斯Apollonas,上海静安区,male,Lv.35,1437,251501,396,2019-03-20 01:06:00,2019-03-20 03:21:46,feed,感谢文广@费元洪费老的盛情邀请给我一个拓展技能的机会！第一次当直播主持人，第一次用英语采访嘉宾，还有忘记带自己的皮鞋好在文化广场的工作人员帮我找了一双皮鞋而且这双皮鞋很有可能是当时SpringAwakening的皮鞋，紧张但满足，采访到了Mozart的OedoKuipers，NotreDamedeParis的RichardChare​,4351723567280663,20,162, 750
199,思想聚焦,广东广州,male,Lv.48,1756,28921420,81074,2019-03-20 00:50:00,2019-03-20 03:22:07,feed,王菲翻唱周华健《明天我要嫁给你》，94年是王菲声音状态的巅峰时期，听她一遍遍地诉说着“明天我要嫁给你”，让人心中不禁泛起一阵阵悸动秒针分针滴答滴答在心中我的眼光闪烁闪烁好空洞我的心跳扑通扑通地阵阵悸动L思想聚焦的微博视频​,4351719481568101,243,101, 628
200,草莓牛奶味的Haru,海外其他,female,Lv.48,240,1197317,6014,2019-03-20 00:50:00,2019-03-20 03:22:25,feed,昭宥X南太铉<迈克尔杰克逊-Loveneverfeltsogood>Live现场版L草莓牛奶味的Haru的微博视频​,4351719406264376,97,45, 396
201,沈星,香港,female,Lv.43,850,4638893,3375,2019-03-20 01:03:00,2019-03-20 03:28:21,feed,晚上必吃宵夜怎么破？睡意袭来，就一骨碌爬下床，走进厨房。炒了一碟豉油黄豆芽陈村粉，七个芹菜猪肉虾仁煎饺沾意大利黑醋，一个巨大的香煎芝士脆班戟，最后锅里剩点油，顺手炸了个鸡蛋撒了点香蒜末。然后一边看小说，一边…不知不觉，就剩下四五个光盘和一碟沾的乱七八糟的醋底儿。​,4351722594097981,4,39, 42
202,阿波罗纳斯Apollonas,上海静安区,male,Lv.35,1437,251501,396,2019-03-20 01:06:00,2019-03-20 03:28:23,feed,感谢文广@费元洪费老的盛情邀请给我一个拓展技能的机会！第一次当直播主持人，第一次用英语采访嘉宾，还有忘记带自己的皮鞋好在文化广场的工作人员帮我找了一双皮鞋而且这双皮鞋很有可能是当时SpringAwakening的皮鞋，紧张但满足，采访到了Mozart的OedoKuipers，NotreDamedeParis的RichardChare​,4351723567280663,20,162, 750
203,阴阳师-徐清林,山东聊城,male,Lv.29,208,176025,2698,2019-03-20 01:05:00,2019-03-20 03:28:26,feed,这是一条许愿的微博，大家把自己今天最想抽到的式神在这里许下愿望。我的愿望是sp妖刀姬。阴阳师手游#阴阳师手游#​,4351723177252434,27,624, 84
204,草莓牛奶味的Haru,海外其他,female,Lv.48,240,1197321,6014,2019-03-20 00:50:00,2019-03-20 03:28:27,feed,昭宥X南太铉<迈克尔杰克逊-Loveneverfeltsogood>Live现场版L草莓牛奶味的Haru的微博视频​,4351719406264376,97,45, 396
205,黄觉,北京,male,Lv.48,530,4324187,6269,2019-03-20 00:51:00,2019-03-20 03:28:30,feed,分享图片​,4351719817069095,9,41, 482
206,毛不易,北京,male,Lv.34,430,12718918,522,2019-03-19 23:53:00,2019-03-20 03:29:33,feed,超大牌发型老师Leo先生，在植发手术当日带病坚持帮我染头发。可见发型师也有脱发的困扰，令人感动，希望大家爱惜他，同时也要爱惜自己的头发。🙃​,4351705140987795,2119,2164, 6877
207,同道大叔,北京东城区,male,Lv.48,985,17173329,14128,2019-03-20 00:23:00,2019-03-20 03:29:37,feed,前一段时间喝酒的时候跟一个朋友聊天忽然就聊到了亲人离世的话题她说她爸爸生病去世快六年了走的那年她20岁她也说“一夜长大”真的是个动词面对永远的失去可能一辈子都好不了可也必须面对去变成熟去照顾家人去直面那些深夜里的哭泣和没法用语言形容的痛感她说刚开始根本就反应不过来，忙着​,4351712527254969,356,341, 1978
208,思想聚焦,广东广州,male,Lv.48,1756,28921429,81074,2019-03-19 23:57:00,2019-03-20 03:29:42,feed,快乐真的是会传染的！大家每天都要快乐呀~​​​​,4351706148048623,1297,405, 3417
209,音乐铺子,广东广州,male,Lv.48,173,1859047,17215,2019-03-20 00:00:00,2019-03-20 03:29:48,feed,SoulJa&青山黛玛现场版《そばにいるね(留在我身边)》目前是“吉尼斯世界纪录大全”日本最高销量下载单曲非常好听的一首歌，相信你肯定听到过L音乐铺子的微博视频​,4351706915439124,1222,46, 707
210,大连老湿王博文,广东,male,Lv.48,79,3233819,4687,2019-03-20 00:15:00,2019-03-20 03:29:52,feed,没睡的出来冒个泡，我看看多少人？​,4351710661130081,9,977, 1454
211,阿波罗纳斯Apollonas,上海静安区,male,Lv.35,1437,251502,396,2019-03-20 01:06:00,2019-03-20 03:30:55,feed,感谢文广@费元洪费老的盛情邀请给我一个拓展技能的机会！第一次当直播主持人，第一次用英语采访嘉宾，还有忘记带自己的皮鞋好在文化广场的工作人员帮我找了一双皮鞋而且这双皮鞋很有可能是当时SpringAwakening的皮鞋，紧张但满足，采访到了Mozart的OedoKuipers，NotreDamedeParis的RichardChare​,4351723567280663,21,165, 811
212,国民老岳父公,其他,male,Lv.45,275,12382329,4683,2019-03-20 03:30:07,2019-03-20 03:30:58,feed,我的直播已开始，快来为我打call。我在#一直播#等你~@国民老岳父公的一直播（下载App->O网页链接）​,4351731737964247,13,3469, 597
213,沈星,香港,female,Lv.43,850,4638904,3375,2019-03-20 01:03:00,2019-03-20 03:31:00,feed,晚上必吃宵夜怎么破？睡意袭来，就一骨碌爬下床，走进厨房。炒了一碟豉油黄豆芽陈村粉，七个芹菜猪肉虾仁煎饺沾意大利黑醋，一个巨大的香煎芝士脆班戟，最后锅里剩点油，顺手炸了个鸡蛋撒了点香蒜末。然后一边看小说，一边…不知不觉，就剩下四五个光盘和一碟沾的乱七八糟的醋底儿。​,4351722594097981,5,43, 45
214,黄觉,北京,male,Lv.48,530,4324191,6269,2019-03-20 00:51:00,2019-03-20 03:31:04,feed,分享图片​,4351719817069095,10,42, 495
215,思想聚焦,广东广州,male,Lv.48,1756,28921431,81074,2019-03-20 00:50:00,2019-03-20 03:31:07,feed,王菲翻唱周华健《明天我要嫁给你》，94年是王菲声音状态的巅峰时期，听她一遍遍地诉说着“明天我要嫁给你”，让人心中不禁泛起一阵阵悸动秒针分针滴答滴答在心中我的眼光闪烁闪烁好空洞我的心跳扑通扑通地阵阵悸动L思想聚焦的微博视频​,4351719481568101,257,110, 662
216,追风少年刘全有,安徽,male,Lv.48,1511,14266922,25100,2019-03-19 23:54:00,2019-03-20 03:32:35,feed,本人减肥完全靠嘴巴说说​,4351705460208070,296,534, 1515
217,同道大叔,北京东城区,male,Lv.48,985,17173328,14128,2019-03-20 00:23:00,2019-03-20 03:33:03,feed,前一段时间喝酒的时候跟一个朋友聊天忽然就聊到了亲人离世的话题她说她爸爸生病去世快六年了走的那年她20岁她也说“一夜长大”真的是个动词面对永远的失去可能一辈子都好不了可也必须面对去变成熟去照顾家人去直面那些深夜里的哭泣和没法用语言形容的痛感她说刚开始根本就反应不过来，忙着​,4351712527254969,355,340, 1976
218,娱乐扒皮叔,山东,male,Lv.38,1119,4326546,4260,2019-03-19 23:59:00,2019-03-20 03:33:24,feed,#都挺好##苏家舅舅#也是个奇葩，只有苏家三兄妹联手加上苏大强才搞定！来一组苏大强的经典表情吧2菏泽·唐塔街区​,4351706525739793,273,80, 1046
219,毛不易,北京,male,Lv.34,430,12718924,522,2019-03-19 23:53:00,2019-03-20 03:33:35,feed,超大牌发型老师Leo先生，在植发手术当日带病坚持帮我染头发。可见发型师也有脱发的困扰，令人感动，希望大家爱惜他，同时也要爱惜自己的头发。🙃​,4351705140987795,2119,2164, 6874
220,一支上上签,海外印尼,female,Lv.46,1,8782913,9169,2019-03-20 00:00:00,2019-03-20 03:33:50,feed,幸运的人会看到这条微博，并且变得更加幸运​,4351706751323798,360,377, 2030
221,思想聚焦,广东广州,male,Lv.48,1756,28921444,81074,2019-03-20 00:50:00,2019-03-20 03:38:37,feed,王菲翻唱周华健《明天我要嫁给你》，94年是王菲声音状态的巅峰时期，听她一遍遍地诉说着“明天我要嫁给你”，让人心中不禁泛起一阵阵悸动秒针分针滴答滴答在心中我的眼光闪烁闪烁好空洞我的心跳扑通扑通地阵阵悸动L思想聚焦的微博视频​,4351719481568101,243,101, 628
222,黄觉,北京,male,Lv.48,530,4324195,6269,2019-03-20 00:51:00,2019-03-20 03:38:39,feed,分享图片​,4351719817069095,9,41, 482
223,头条新闻,no location,female,Lv.48,1355,63556451,155326,2019-03-20 01:00:00,2019-03-20 03:38:42,feed,【美航机长曝波音737MAX驾驶漏洞：这个致命操作很多机长根本不知道！】“波音想让飞行员看个ipad视频就直接开飞机！”刚刚，美航机长曝MAX机型驾驶漏洞：一个致命操作很多飞行员根本不知道，后果可想而知。《纽约时报》报道，飞行员若要驾驶全新机型，必须在价值数百万的巨型机器上训练数小时，还要在​,4351721851509797,133,101, 375
224,沈星,香港,female,Lv.43,850,4638934,3375,2019-03-20 01:03:00,2019-03-20 03:38:45,feed,晚上必吃宵夜怎么破？睡意袭来，就一骨碌爬下床，走进厨房。炒了一碟豉油黄豆芽陈村粉，七个芹菜猪肉虾仁煎饺沾意大利黑醋，一个巨大的香煎芝士脆班戟，最后锅里剩点油，顺手炸了个鸡蛋撒了点香蒜末。然后一边看小说，一边…不知不觉，就剩下四五个光盘和一碟沾的乱七八糟的醋底儿。​,4351722594097981,4,39, 42
225,阴阳师-徐清林,山东聊城,male,Lv.29,208,176025,2698,2019-03-20 01:05:00,2019-03-20 03:38:47,feed,这是一条许愿的微博，大家把自己今天最想抽到的式神在这里许下愿望。我的愿望是sp妖刀姬。阴阳师手游#阴阳师手游#​,4351723177252434,27,624, 84
226,娱乐扒皮叔,山东,male,Lv.38,1119,4326546,4260,2019-03-19 23:59:00,2019-03-20 03:39:52,feed,#都挺好##苏家舅舅#也是个奇葩，只有苏家三兄妹联手加上苏大强才搞定！来一组苏大强的经典表情吧2菏泽·唐塔街区​,4351706525739793,273,80, 1046
227,一支上上签,海外印尼,female,Lv.46,1,8782994,9169,2019-03-20 00:00:00,2019-03-20 03:39:54,feed,幸运的人会看到这条微博，并且变得更加幸运​,4351706751323798,360,377, 2030
228,毛不易,北京,male,Lv.34,430,12718934,522,2019-03-19 23:53:00,2019-03-20 03:39:56,feed,超大牌发型老师Leo先生，在植发手术当日带病坚持帮我染头发。可见发型师也有脱发的困扰，令人感动，希望大家爱惜他，同时也要爱惜自己的头发。🙃​,4351705140987795,2119,2164, 6874
229,思想聚焦,广东广州,male,Lv.48,1756,28921444,81074,2019-03-19 23:57:00,2019-03-20 03:39:58,feed,快乐真的是会传染的！大家每天都要快乐呀~​​​​,4351706148048623,1296,405, 3413
230,同道大叔,北京东城区,male,Lv.48,985,17173332,14128,2019-03-20 00:23:00,2019-03-20 03:40:03,feed,前一段时间喝酒的时候跟一个朋友聊天忽然就聊到了亲人离世的话题她说她爸爸生病去世快六年了走的那年她20岁她也说“一夜长大”真的是个动词面对永远的失去可能一辈子都好不了可也必须面对去变成熟去照顾家人去直面那些深夜里的哭泣和没法用语言形容的痛感她说刚开始根本就反应不过来，忙着​,4351712527254969,355,340, 1976
231,头条新闻,no location,female,Lv.48,1355,63556498,155326,2019-03-20 01:00:00,2019-03-20 03:41:06,feed,【美航机长曝波音737MAX驾驶漏洞：这个致命操作很多机长根本不知道！】“波音想让飞行员看个ipad视频就直接开飞机！”刚刚，美航机长曝MAX机型驾驶漏洞：一个致命操作很多飞行员根本不知道，后果可想而知。《纽约时报》报道，飞行员若要驾驶全新机型，必须在价值数百万的巨型机器上训练数小时，还要在​,4351721851509797,151,111, 429
232,草莓牛奶味的Haru,海外其他,female,Lv.48,240,1197327,6014,2019-03-20 00:50:00,2019-03-20 03:41:09,feed,昭宥X南太铉<迈克尔杰克逊-Loveneverfeltsogood>Live现场版L草莓牛奶味的Haru的微博视频​,4351719406264376,102,48, 419
233,阿波罗纳斯Apollonas,上海静安区,male,Lv.35,1437,251503,396,2019-03-20 01:06:00,2019-03-20 03:41:15,feed,感谢文广@费元洪费老的盛情邀请给我一个拓展技能的机会！第一次当直播主持人，第一次用英语采访嘉宾，还有忘记带自己的皮鞋好在文化广场的工作人员帮我找了一双皮鞋而且这双皮鞋很有可能是当时SpringAwakening的皮鞋，紧张但满足，采访到了Mozart的OedoKuipers，NotreDamedeParis的RichardChare​,4351723567280663,21,165, 811
234,黄觉,北京,male,Lv.48,530,4324193,6269,2019-03-20 00:51:00,2019-03-20 03:41:17,feed,分享图片​,4351719817069095,10,42, 495
235,国民老岳父公,其他,male,Lv.45,275,12382342,4683,2019-03-20 01:39:00,2019-03-20 03:41:25,feed,我的直播已开始，快来为我打call。我在#一直播#等你~@国民老岳父公的一直播（下载App->O网页链接）​,4351731737964247,13,3469, 597
236,头条新闻,no location,female,Lv.48,1355,63556527,155326,2019-03-19 23:50:00,2019-03-20 03:42:29,feed,【又一位英雄回家了！海军飞行员粘金鑫烈士忠魂归故里】海南战机失事中2名飞行员壮烈牺牲，其中一名飞行员粘金鑫是山东莱阳市高格庄镇东大策村人，年仅27岁。18日，粘金鑫烈士的骨灰回到故乡……送别英雄，一路走好！L人民网的秒拍视频#海军飞行员为避免更大伤亡迫降牺牲#​,4351704234726633,95,216, 775
237,音乐铺子,广东广州,male,Lv.48,173,1859052,17216,2019-03-20 00:00:00,2019-03-20 03:42:31,feed,SoulJa&青山黛玛现场版《そばにいるね(留在我身边)》目前是“吉尼斯世界纪录大全”日本最高销量下载单曲非常好听的一首歌，相信你肯定听到过L音乐铺子的微博视频​,4351706915439124,1213,46, 699
238,一支上上签,海外印尼,female,Lv.46,1,8783029,9169,2019-03-20 00:00:00,2019-03-20 03:42:33,feed,幸运的人会看到这条微博，并且变得更加幸运​,4351706751323798,353,376, 2005
239,娱乐扒皮叔,山东,male,Lv.38,1119,4326547,4260,2019-03-19 23:59:00,2019-03-20 03:46:46,feed,#都挺好##苏家舅舅#也是个奇葩，只有苏家三兄妹联手加上苏大强才搞定！来一组苏大强的经典表情吧2菏泽·唐塔街区​,4351706525739793,271,79, 1041
240,同道大叔,北京东城区,male,Lv.48,985,17173335,14128,2019-03-20 00:23:00,2019-03-20 03:46:59,feed,前一段时间喝酒的时候跟一个朋友聊天忽然就聊到了亲人离世的话题她说她爸爸生病去世快六年了走的那年她20岁她也说“一夜长大”真的是个动词面对永远的失去可能一辈子都好不了可也必须面对去变成熟去照顾家人去直面那些深夜里的哭泣和没法用语言形容的痛感她说刚开始根本就反应不过来，忙着​,4351712527254969,353,335, 1954
241,阿波罗纳斯Apollonas,上海静安区,male,Lv.35,1437,251503,396,2019-03-20 01:06:00,2019-03-20 03:48:05,feed,感谢文广@费元洪费老的盛情邀请给我一个拓展技能的机会！第一次当直播主持人，第一次用英语采访嘉宾，还有忘记带自己的皮鞋好在文化广场的工作人员帮我找了一双皮鞋而且这双皮鞋很有可能是当时SpringAwakening的皮鞋，紧张但满足，采访到了Mozart的OedoKuipers，NotreDamedeParis的RichardChare​,4351723567280663,23,166, 837
242,女排朱婷ZT,河南,female,Lv.35,285,1531755,299,2019-03-20 00:56:00,2019-03-20 03:48:09,feed,晒个太阳🌞补个VD2土耳其·伊斯坦布尔​,4351720878860027,425,787, 1364
243,俞灏明,北京朝阳区,male,Lv.45,280,16418399,912,2019-03-20 00:55:00,2019-03-20 03:48:15,feed,母亲大人生日，我把她硬拽到剧组来，想要亲自给她过生日，但她生日当天我整天的通告脱不开身，着急啊，于是我就去买了玫瑰花提前布置房间，铺了满屋花路！想要给她个小惊喜，但我助理跟我说：“这不是对女朋友才整这样的吗？我说：“我妈她就是我最爱的女人啊”​,4351720735711613,2150,1800, 4319
244,头条新闻,no location,female,Lv.48,1355,63556652,155326,2019-03-20 01:00:00,2019-03-20 03:48:18,feed,【美航机长曝波音737MAX驾驶漏洞：这个致命操作很多机长根本不知道！】“波音想让飞行员看个ipad视频就直接开飞机！”刚刚，美航机长曝MAX机型驾驶漏洞：一个致命操作很多飞行员根本不知道，后果可想而知。《纽约时报》报道，飞行员若要驾驶全新机型，必须在价值数百万的巨型机器上训练数小时，还要在​,4351721851509797,169,121, 462
245,国民老岳父公,其他,male,Lv.45,275,12382354,4683,2019-03-20 01:39:00,2019-03-20 03:48:20,feed,我的直播已开始，快来为我打call。我在#一直播#等你~@国民老岳父公的一直播（下载App->O网页链接）​,4351731737964247,16,3477, 650
